timestamp,source_ip,destination_ip,source_port,destination_port,protocol,packet_count,packet_size,duration,tcp_flags,label
2023-10-01 00:54:38,192.168.0.190,10.0.0.2,39722,443,TCP,95,273,53,ACK,0
2023-10-01 01:05:05,10.0.1.6,10.0.0.1,15470,80,TCP,934,2149,4,FIN,1
2023-10-01 10:07:43,10.0.1.1,10.0.0.1,15134,80,UDP,6074,1569,3,,1
2023-10-01 12:15:18,192.168.0.27,10.0.0.1,48847,3389,TCP,45,1300,26,ACK,0
2023-10-01 04:32:41,10.0.1.25,10.0.0.1,47198,80,UDP,6425,2182,4,,1
2023-10-01 08:17:51,10.0.1.50,10.0.0.1,25935,443,ICMP,4314,2774,2,,1
2023-10-01 23:08:40,10.0.1.24,10.0.0.1,47018,80,UDP,3932,2372,5,,1
2023-10-01 23:35:39,192.168.0.19,10.0.0.4,18715,443,TCP,32,398,39,PSH,0
2023-10-01 23:18:06,192.168.0.177,10.0.0.4,53783,443,TCP,99,178,24,ACK,0
2023-10-01 09:44:53,10.0.1.5,10.0.0.1,14958,80,ICMP,9792,2794,6,,1
2023-10-01 14:24:16,192.168.0.227,10.0.0.5,49980,3389,TCP,18,569,57,PSH,0
2023-10-01 21:14:44,192.168.0.103,10.0.0.2,6981,443,ICMP,18,1107,41,,0
2023-10-01 03:59:31,192.168.0.40,10.0.0.5,26240,443,UDP,55,1285,14,,0
2023-10-01 17:02:28,10.0.1.34,10.0.0.1,45700,443,ICMP,688,2393,2,,1
2023-10-01 09:42:53,192.168.0.197,10.0.0.5,63533,22,TCP,56,387,39,ACK,0
2023-10-01 09:35:22,192.168.0.249,10.0.0.4,11040,443,TCP,14,1344,29,ACK,0
2023-10-01 05:52:54,10.0.1.35,10.0.0.1,8355,12345,ICMP,5810,2000,1,,1
2023-10-01 11:11:46,192.168.0.62,10.0.0.1,32873,443,UDP,11,239,56,,0
2023-10-01 19:23:42,192.168.0.197,10.0.0.1,64224,443,TCP,71,402,26,PSH,0
2023-10-01 19:38:06,10.0.1.49,10.0.0.1,29735,12345,UDP,5607,1817,6,,1
2023-10-01 16:26:17,192.168.0.31,10.0.0.1,39588,443,TCP,3,1268,45,ACK,0
2023-10-01 02:35:05,10.0.1.46,10.0.0.1,5667,12345,TCP,1604,2854,1,RST,1
2023-10-01 10:08:20,192.168.0.172,10.0.0.3,16949,443,TCP,93,1233,46,PSH,0
2023-10-01 14:49:14,192.168.0.49,10.0.0.1,57636,80,TCP,46,931,36,PSH,0
2023-10-01 23:47:29,192.168.0.252,10.0.0.5,13580,80,TCP,94,758,16,ACK,0
2023-10-01 16:20:00,10.0.1.9,10.0.0.1,53978,443,TCP,8079,1511,2,FIN,1
2023-10-01 20:02:12,192.168.0.26,10.0.0.1,27658,80,ICMP,97,548,20,,0
2023-10-01 07:46:56,10.0.1.26,10.0.0.1,19718,80,TCP,535,1799,5,FIN,1
2023-10-01 20:14:05,10.0.1.43,10.0.0.1,64509,12345,UDP,3611,1607,4,,1
2023-10-01 19:44:26,10.0.1.4,10.0.0.1,33978,12345,UDP,1321,2196,8,,1
2023-10-01 19:20:15,192.168.0.41,10.0.0.1,45274,80,UDP,9,1282,14,,0
2023-10-01 14:42:03,192.168.0.31,10.0.0.4,44105,443,TCP,6,1332,15,PSH,0
2023-10-01 19:02:02,192.168.0.81,10.0.0.2,9601,443,TCP,41,552,26,PSH,0
2023-10-01 10:55:21,192.168.0.118,10.0.0.2,36258,80,TCP,80,1217,16,ACK,0
2023-10-01 09:39:20,10.0.1.9,10.0.0.1,11362,443,UDP,4502,1756,5,,1
2023-10-01 19:46:40,10.0.1.46,10.0.0.1,20644,443,UDP,9166,1016,9,,1
2023-10-01 03:46:17,192.168.0.241,10.0.0.1,19489,22,TCP,14,1197,19,PSH,0
2023-10-01 12:29:02,192.168.0.53,10.0.0.5,55376,22,TCP,33,168,15,PSH,0
2023-10-01 00:07:44,10.0.1.22,10.0.0.1,37178,80,UDP,4791,1330,8,,1
2023-10-01 20:25:19,192.168.0.3,10.0.0.1,3385,80,ICMP,89,369,44,,0
2023-10-01 21:12:30,192.168.0.142,10.0.0.1,59935,3389,TCP,40,810,60,ACK,0
2023-10-01 09:05:06,10.0.1.43,10.0.0.1,64845,80,UDP,9673,2810,7,,1
2023-10-01 05:37:37,192.168.0.237,10.0.0.1,12778,443,ICMP,23,908,11,,0
2023-10-01 12:05:40,192.168.0.201,10.0.0.3,57292,443,TCP,90,285,34,ACK,0
2023-10-01 07:15:58,10.0.1.30,10.0.0.1,44279,443,UDP,4228,1456,1,,1
2023-10-01 11:57:05,10.0.1.18,10.0.0.1,27217,80,ICMP,5073,1719,9,,1
2023-10-01 19:31:22,192.168.0.85,10.0.0.1,64104,80,UDP,34,429,47,,0
2023-10-01 01:23:34,192.168.0.28,10.0.0.4,26268,3389,TCP,41,957,48,ACK,0
2023-10-01 06:55:14,192.168.0.66,10.0.0.1,24893,3389,TCP,69,1470,56,ACK,0
2023-10-01 12:01:19,10.0.1.40,10.0.0.1,34258,443,UDP,2541,2474,5,,1
2023-10-01 14:52:08,10.0.1.21,10.0.0.1,28578,443,UDP,9583,1260,4,,1
2023-10-01 13:48:15,192.168.0.174,10.0.0.5,20938,443,TCP,39,895,45,ACK,0
2023-10-01 15:39:06,10.0.1.38,10.0.0.1,45301,12345,UDP,8118,1904,8,,1
2023-10-01 17:13:41,10.0.1.48,10.0.0.1,22990,80,UDP,5149,2055,10,,1
2023-10-01 08:33:04,10.0.1.44,10.0.0.1,17070,443,TCP,3762,1301,1,SYN,1
2023-10-01 22:15:20,192.168.0.218,10.0.0.1,33423,3389,TCP,81,1242,22,PSH,0
2023-10-01 05:22:22,10.0.1.42,10.0.0.1,12550,12345,TCP,2246,2594,7,ACK,1
2023-10-01 18:51:29,192.168.0.119,10.0.0.1,53545,443,ICMP,16,998,18,,0
2023-10-01 19:20:16,10.0.1.36,10.0.0.1,28990,12345,UDP,7751,2254,9,,1
2023-10-01 19:56:50,192.168.0.115,10.0.0.1,51212,3389,TCP,97,570,50,PSH,0
2023-10-01 17:38:37,192.168.0.161,10.0.0.1,23034,22,TCP,92,649,25,PSH,0
2023-10-01 19:39:58,10.0.1.6,10.0.0.1,5233,80,TCP,6775,2421,3,ACK,1
2023-10-01 12:02:49,10.0.1.35,10.0.0.1,26548,443,UDP,3888,2705,7,,1
2023-10-01 21:15:56,192.168.0.243,10.0.0.5,32283,80,UDP,98,1243,34,,0
2023-10-01 12:48:25,10.0.1.20,10.0.0.1,53444,443,UDP,7365,2102,9,,1
2023-10-01 08:01:46,192.168.0.125,10.0.0.1,48483,22,TCP,4,860,31,PSH,0
2023-10-01 17:01:01,10.0.1.9,10.0.0.1,44474,12345,UDP,6955,2212,10,,1
2023-10-01 23:24:06,10.0.1.28,10.0.0.1,25868,80,UDP,3477,1102,5,,1
2023-10-01 16:33:18,10.0.1.21,10.0.0.1,17556,443,UDP,6711,1569,7,,1
2023-10-01 17:07:24,192.168.0.5,10.0.0.5,5520,80,ICMP,45,523,51,,0
2023-10-01 23:43:46,192.168.0.11,10.0.0.1,9296,443,TCP,3,1336,19,ACK,0
2023-10-01 04:09:53,10.0.1.37,10.0.0.1,12020,80,UDP,4698,2570,6,,1
2023-10-01 04:10:12,192.168.0.200,10.0.0.1,27019,22,TCP,4,702,46,PSH,0
2023-10-01 07:13:15,192.168.0.20,10.0.0.4,53205,443,TCP,99,681,53,ACK,0
2023-10-01 01:29:43,192.168.0.89,10.0.0.4,1853,3389,TCP,9,1100,51,PSH,0
2023-10-01 17:50:51,192.168.0.28,10.0.0.3,49114,22,TCP,59,377,37,ACK,0
2023-10-01 23:40:56,192.168.0.70,10.0.0.4,56841,3389,TCP,94,1277,27,PSH,0
2023-10-01 03:09:19,10.0.1.18,10.0.0.1,23070,443,TCP,8113,2167,10,FIN,1
2023-10-01 11:50:00,10.0.1.12,10.0.0.1,37448,443,TCP,4732,1697,5,RST,1
2023-10-01 06:57:22,10.0.1.6,10.0.0.1,46283,80,UDP,8504,2137,4,,1
2023-10-01 17:52:12,10.0.1.29,10.0.0.1,44537,80,TCP,4130,1828,4,RST,1
2023-10-01 17:13:51,192.168.0.142,10.0.0.4,47086,22,TCP,96,1191,31,PSH,0
2023-10-01 11:09:49,10.0.1.17,10.0.0.1,13576,80,TCP,3655,1646,2,ACK,1
2023-10-01 17:37:44,10.0.1.18,10.0.0.1,65282,12345,UDP,9095,2222,5,,1
2023-10-01 07:04:03,10.0.1.19,10.0.0.1,9319,80,UDP,5452,1028,9,,1
2023-10-01 01:59:06,10.0.1.36,10.0.0.1,7747,443,UDP,2568,2306,8,,1
2023-10-01 20:54:03,192.168.0.73,10.0.0.3,8500,3389,TCP,24,169,26,PSH,0
2023-10-01 14:35:21,192.168.0.126,10.0.0.1,8786,80,TCP,73,686,15,ACK,0
2023-10-01 15:09:08,192.168.0.156,10.0.0.4,20511,443,UDP,49,986,38,,0
2023-10-01 15:36:47,192.168.0.79,10.0.0.4,42017,80,TCP,95,267,58,ACK,0
2023-10-01 02:57:21,10.0.1.11,10.0.0.1,30548,80,TCP,1729,1320,1,FIN,1
2023-10-01 17:06:32,192.168.0.75,10.0.0.1,61573,443,TCP,37,993,14,ACK,0
2023-10-01 22:45:27,10.0.1.38,10.0.0.1,36712,12345,UDP,3741,1870,2,,1
2023-10-01 05:25:28,10.0.1.18,10.0.0.1,29804,80,TCP,3218,2623,5,RST,1
2023-10-01 11:04:17,10.0.1.45,10.0.0.1,29712,443,ICMP,8699,2105,8,,1
2023-10-01 01:27:04,10.0.1.28,10.0.0.1,16026,12345,UDP,4602,1052,2,,1
2023-10-01 20:56:32,192.168.0.151,10.0.0.1,61059,22,TCP,98,422,40,PSH,0
2023-10-01 21:18:40,10.0.1.28,10.0.0.1,27785,12345,UDP,1994,1962,6,,1
2023-10-01 03:48:30,10.0.1.11,10.0.0.1,54341,443,UDP,8617,1590,7,,1
2023-10-01 01:20:09,192.168.0.117,10.0.0.1,44124,22,TCP,15,891,42,ACK,0
2023-10-01 16:49:12,192.168.0.106,10.0.0.1,50830,443,TCP,80,1084,50,PSH,0
2023-10-01 09:43:23,10.0.1.36,10.0.0.1,8981,80,ICMP,7678,2803,8,,1
2023-10-01 22:56:18,10.0.1.39,10.0.0.1,37216,80,UDP,5591,2128,1,,1
2023-10-01 08:10:51,10.0.1.8,10.0.0.1,34373,443,ICMP,3022,2020,5,,1
2023-10-01 15:07:39,192.168.0.214,10.0.0.3,61439,3389,TCP,71,360,34,ACK,0
2023-10-01 04:58:12,192.168.0.222,10.0.0.1,34299,22,UDP,54,760,60,,0
2023-10-01 00:05:36,10.0.1.19,10.0.0.1,36320,12345,TCP,8522,2772,3,FIN,1
2023-10-01 12:06:13,10.0.1.36,10.0.0.1,65300,12345,UDP,5772,2780,4,,1
2023-10-01 20:49:06,192.168.0.99,10.0.0.1,26326,3389,TCP,96,1032,55,PSH,0
2023-10-01 23:44:21,192.168.0.252,10.0.0.1,22781,3389,ICMP,17,1092,47,,0
2023-10-01 16:01:51,192.168.0.26,10.0.0.4,5927,3389,TCP,19,903,51,ACK,0
2023-10-01 09:38:57,10.0.1.22,10.0.0.1,56883,12345,UDP,1815,2744,6,,1
2023-10-01 19:25:42,192.168.0.98,10.0.0.2,16409,3389,UDP,5,1328,14,,0
2023-10-01 10:27:47,192.168.0.59,10.0.0.5,30100,80,TCP,13,1361,55,ACK,0
2023-10-01 10:54:11,10.0.1.2,10.0.0.1,25589,80,UDP,1419,1600,6,,1
2023-10-01 08:53:27,10.0.1.34,10.0.0.1,6199,443,UDP,3450,1348,3,,1
2023-10-01 13:55:40,192.168.0.159,10.0.0.5,42829,443,TCP,75,357,24,PSH,0
2023-10-01 09:17:46,10.0.1.43,10.0.0.1,45431,80,UDP,8122,2845,5,,1
2023-10-01 02:41:21,192.168.0.114,10.0.0.2,56421,22,TCP,55,1477,26,PSH,0
2023-10-01 14:00:22,10.0.1.31,10.0.0.1,46851,80,TCP,9870,1735,10,RST,1
2023-10-01 23:57:55,10.0.1.26,10.0.0.1,55604,443,TCP,1303,2864,10,FIN,1
2023-10-01 10:25:12,192.168.0.199,10.0.0.1,42196,22,TCP,25,1335,26,ACK,0
2023-10-01 22:50:42,10.0.1.42,10.0.0.1,24935,80,UDP,7722,1068,10,,1
2023-10-01 03:16:53,192.168.0.233,10.0.0.2,52568,22,UDP,23,475,18,,0
2023-10-01 13:19:13,192.168.0.136,10.0.0.4,49950,22,UDP,33,1050,28,,0
2023-10-01 04:11:35,192.168.0.120,10.0.0.1,45221,443,UDP,29,1449,56,,0
2023-10-01 20:17:28,192.168.0.94,10.0.0.1,45118,3389,TCP,69,317,39,PSH,0
2023-10-01 09:32:42,192.168.0.150,10.0.0.3,61006,22,TCP,30,1029,11,PSH,0
2023-10-01 23:34:49,192.168.0.17,10.0.0.5,8670,3389,ICMP,39,1393,36,,0
2023-10-01 01:21:17,10.0.1.20,10.0.0.1,26494,443,TCP,4346,2817,9,ACK,1
2023-10-01 19:40:04,10.0.1.27,10.0.0.1,43944,12345,UDP,3031,2813,7,,1
2023-10-01 17:48:59,10.0.1.40,10.0.0.1,15262,443,ICMP,5083,1067,6,,1
2023-10-01 08:35:47,10.0.1.24,10.0.0.1,4992,80,ICMP,6518,2115,6,,1
2023-10-01 06:54:38,10.0.1.8,10.0.0.1,4338,443,TCP,3975,2314,10,SYN,1
2023-10-01 08:52:05,192.168.0.254,10.0.0.1,54308,443,TCP,98,1199,23,ACK,0
2023-10-01 11:57:44,192.168.0.199,10.0.0.1,53355,80,TCP,19,330,44,PSH,0
2023-10-01 00:56:19,10.0.1.9,10.0.0.1,2058,80,UDP,4398,2205,6,,1
2023-10-01 01:54:28,10.0.1.9,10.0.0.1,32235,12345,UDP,2362,2527,2,,1
2023-10-01 13:10:53,10.0.1.33,10.0.0.1,48684,12345,TCP,8754,1453,10,SYN,1
2023-10-01 23:59:23,192.168.0.134,10.0.0.2,28960,3389,TCP,4,188,40,PSH,0
2023-10-01 17:51:00,192.168.0.183,10.0.0.3,5328,80,UDP,42,1309,19,,0
2023-10-01 22:43:50,10.0.1.41,10.0.0.1,35794,12345,UDP,5827,1780,10,,1
2023-10-01 18:24:23,10.0.1.39,10.0.0.1,29209,443,TCP,2374,2746,9,ACK,1
2023-10-01 08:19:09,10.0.1.27,10.0.0.1,21507,443,UDP,7032,1851,2,,1
2023-10-01 09:16:48,10.0.1.24,10.0.0.1,55535,80,UDP,8270,1137,2,,1
2023-10-01 15:43:26,10.0.1.7,10.0.0.1,39458,12345,UDP,2631,2139,1,,1
2023-10-01 20:27:00,192.168.0.85,10.0.0.5,64488,80,TCP,86,930,56,ACK,0
2023-10-01 11:22:33,10.0.1.23,10.0.0.1,15720,80,UDP,3985,1316,8,,1
2023-10-01 12:44:50,192.168.0.217,10.0.0.4,56412,22,TCP,36,1239,24,PSH,0
2023-10-01 22:38:10,192.168.0.158,10.0.0.5,12847,80,TCP,85,1484,27,ACK,0
2023-10-01 11:14:59,10.0.1.22,10.0.0.1,10321,443,TCP,2847,2159,7,SYN,1
2023-10-01 01:06:58,192.168.0.24,10.0.0.5,21447,443,TCP,59,762,20,PSH,0
2023-10-01 20:39:55,192.168.0.153,10.0.0.1,18856,80,TCP,97,1329,13,ACK,0
2023-10-01 15:26:16,10.0.1.32,10.0.0.1,8483,12345,UDP,4975,1441,9,,1
2023-10-01 04:02:14,10.0.1.19,10.0.0.1,4000,12345,UDP,8472,2079,5,,1
2023-10-01 21:49:14,10.0.1.4,10.0.0.1,19993,80,TCP,3960,2571,3,RST,1
2023-10-01 00:16:53,10.0.1.32,10.0.0.1,47139,12345,UDP,2616,1778,9,,1
2023-10-01 20:20:33,10.0.1.43,10.0.0.1,61393,443,TCP,1193,1893,1,FIN,1
2023-10-01 11:23:53,10.0.1.37,10.0.0.1,27568,443,UDP,7343,1592,2,,1
2023-10-01 11:49:28,10.0.1.11,10.0.0.1,56368,12345,UDP,6428,1180,7,,1
2023-10-01 15:51:44,10.0.1.38,10.0.0.1,49901,443,UDP,6984,2782,5,,1
2023-10-01 12:07:35,10.0.1.50,10.0.0.1,60394,80,TCP,2368,2086,9,ACK,1
2023-10-01 12:46:59,192.168.0.187,10.0.0.5,40502,443,TCP,19,588,22,ACK,0
2023-10-01 23:51:58,10.0.1.5,10.0.0.1,50823,80,ICMP,8595,1950,10,,1
2023-10-01 20:33:09,192.168.0.165,10.0.0.5,29844,22,UDP,81,711,19,,0
2023-10-01 16:06:01,10.0.1.41,10.0.0.1,5886,443,UDP,1420,1720,9,,1
2023-10-01 16:27:13,10.0.1.3,10.0.0.1,41329,80,UDP,5203,1157,2,,1
2023-10-01 13:59:54,192.168.0.119,10.0.0.4,40673,80,TCP,74,1398,22,PSH,0
2023-10-01 05:29:33,10.0.1.4,10.0.0.1,3589,443,TCP,6126,2462,2,ACK,1
2023-10-01 15:56:17,10.0.1.29,10.0.0.1,61181,12345,UDP,3100,1745,6,,1
2023-10-01 14:52:58,10.0.1.50,10.0.0.1,5343,443,UDP,1357,2616,6,,1
2023-10-01 20:18:53,10.0.1.44,10.0.0.1,61103,443,TCP,2963,1682,2,ACK,1
2023-10-01 23:53:10,10.0.1.45,10.0.0.1,25710,12345,UDP,1888,1634,9,,1
2023-10-01 11:57:34,192.168.0.209,10.0.0.1,24787,80,TCP,55,1105,33,ACK,0
2023-10-01 07:47:54,10.0.1.22,10.0.0.1,56364,443,TCP,2753,1317,2,RST,1
2023-10-01 18:29:03,192.168.0.198,10.0.0.4,11133,80,TCP,99,1329,18,PSH,0
2023-10-01 22:44:45,10.0.1.11,10.0.0.1,64566,12345,UDP,7231,1746,4,,1
2023-10-01 10:22:26,10.0.1.49,10.0.0.1,21305,12345,UDP,4333,2093,4,,1
2023-10-01 17:04:34,192.168.0.232,10.0.0.1,52019,22,TCP,74,966,39,PSH,0
2023-10-01 19:12:15,10.0.1.27,10.0.0.1,4443,80,UDP,2767,2787,5,,1
2023-10-01 13:30:55,192.168.0.142,10.0.0.1,60354,80,TCP,98,392,27,PSH,0
2023-10-01 15:55:40,192.168.0.24,10.0.0.1,27006,3389,UDP,4,913,13,,0
2023-10-01 08:35:03,192.168.0.99,10.0.0.1,52887,22,TCP,41,266,55,PSH,0
2023-10-01 01:23:40,10.0.1.19,10.0.0.1,30423,443,UDP,2773,2554,8,,1
2023-10-01 02:53:04,192.168.0.5,10.0.0.2,28762,443,UDP,71,1310,43,,0
2023-10-01 10:29:22,10.0.1.16,10.0.0.1,5140,443,TCP,4406,1859,10,FIN,1
2023-10-01 18:11:53,10.0.1.39,10.0.0.1,20112,12345,TCP,8943,2177,4,ACK,1
2023-10-01 22:23:04,10.0.1.23,10.0.0.1,35331,80,UDP,3568,2360,2,,1
2023-10-01 02:27:50,192.168.0.245,10.0.0.4,65317,80,TCP,61,153,50,PSH,0
2023-10-01 00:35:28,10.0.1.23,10.0.0.1,49205,80,UDP,2198,2580,10,,1
2023-10-01 04:51:26,192.168.0.12,10.0.0.2,65302,22,UDP,23,1466,39,,0
2023-10-01 23:00:02,192.168.0.47,10.0.0.1,14235,80,UDP,59,139,28,,0
2023-10-01 07:15:44,10.0.1.3,10.0.0.1,32048,443,ICMP,8944,1815,9,,1
2023-10-01 23:33:10,10.0.1.13,10.0.0.1,18929,443,UDP,1283,2773,6,,1
2023-10-01 13:23:57,10.0.1.28,10.0.0.1,33543,443,UDP,6834,1694,3,,1
2023-10-01 13:22:28,192.168.0.237,10.0.0.4,29244,22,UDP,94,933,15,,0
2023-10-01 06:34:12,192.168.0.140,10.0.0.2,30247,22,TCP,42,1417,28,PSH,0
2023-10-01 15:30:51,192.168.0.43,10.0.0.5,19017,3389,TCP,6,786,49,PSH,0
2023-10-01 02:05:18,192.168.0.20,10.0.0.5,10381,3389,TCP,96,1455,20,ACK,0
2023-10-01 15:57:12,192.168.0.9,10.0.0.1,63248,80,TCP,83,814,33,PSH,0
2023-10-01 22:01:50,192.168.0.40,10.0.0.5,6062,3389,ICMP,48,973,58,,0
2023-10-01 19:16:37,192.168.0.94,10.0.0.3,33729,22,TCP,32,296,11,ACK,0
2023-10-01 20:26:59,192.168.0.31,10.0.0.2,46504,22,UDP,28,1317,28,,0
2023-10-01 17:53:02,192.168.0.52,10.0.0.1,30194,443,UDP,58,417,55,,0
2023-10-01 11:38:09,192.168.0.171,10.0.0.2,53039,80,TCP,38,678,20,ACK,0
2023-10-01 08:09:51,10.0.1.8,10.0.0.1,2746,80,UDP,4378,2618,8,,1
2023-10-01 20:50:09,10.0.1.24,10.0.0.1,58973,443,UDP,9538,1265,10,,1
2023-10-01 11:15:39,10.0.1.26,10.0.0.1,54982,12345,UDP,9112,1841,7,,1
2023-10-01 04:33:46,192.168.0.249,10.0.0.2,58561,80,TCP,88,1123,32,ACK,0
2023-10-01 20:04:20,192.168.0.164,10.0.0.4,60708,443,UDP,17,950,42,,0
2023-10-01 04:31:14,192.168.0.133,10.0.0.1,56463,22,TCP,42,525,32,PSH,0
2023-10-01 07:08:49,10.0.1.41,10.0.0.1,33960,12345,TCP,5461,2258,9,SYN,1
2023-10-01 21:32:49,192.168.0.242,10.0.0.4,55106,443,TCP,80,1303,31,ACK,0
2023-10-01 02:57:26,192.168.0.12,10.0.0.5,33663,22,TCP,99,1235,36,ACK,0
2023-10-01 19:51:49,192.168.0.75,10.0.0.5,5806,22,TCP,88,895,29,PSH,0
2023-10-01 05:45:19,192.168.0.113,10.0.0.3,57482,3389,TCP,44,1306,19,PSH,0
2023-10-01 12:34:28,192.168.0.250,10.0.0.3,21937,443,UDP,66,1214,16,,0
2023-10-01 04:27:39,10.0.1.18,10.0.0.1,57657,443,TCP,2086,1103,5,FIN,1
2023-10-01 09:02:21,192.168.0.247,10.0.0.1,51035,22,ICMP,93,704,22,,0
2023-10-01 18:44:26,10.0.1.30,10.0.0.1,62970,443,UDP,8648,1047,2,,1
2023-10-01 16:38:50,10.0.1.16,10.0.0.1,33457,80,UDP,1297,1103,5,,1
2023-10-01 23:49:15,192.168.0.173,10.0.0.3,48701,22,TCP,14,946,18,PSH,0
2023-10-01 14:40:55,10.0.1.24,10.0.0.1,24782,80,UDP,9843,2150,4,,1
2023-10-01 02:40:37,192.168.0.99,10.0.0.4,41069,3389,UDP,36,1340,53,,0
2023-10-01 03:31:12,10.0.1.26,10.0.0.1,50501,443,UDP,6055,2142,6,,1
2023-10-01 21:56:06,10.0.1.33,10.0.0.1,47789,443,UDP,1242,1079,3,,1
2023-10-01 17:14:54,10.0.1.34,10.0.0.1,11673,443,TCP,8946,1286,6,RST,1
2023-10-01 22:26:45,10.0.1.48,10.0.0.1,35911,443,UDP,8811,2696,9,,1
2023-10-01 20:29:43,10.0.1.20,10.0.0.1,65242,443,UDP,6535,1678,2,,1
2023-10-01 11:12:07,10.0.1.47,10.0.0.1,38879,12345,UDP,8275,1543,10,,1
2023-10-01 01:52:11,10.0.1.38,10.0.0.1,38547,443,TCP,6729,1302,4,SYN,1
2023-10-01 04:00:04,192.168.0.49,10.0.0.1,27918,3389,TCP,20,909,54,ACK,0
2023-10-01 22:15:47,192.168.0.236,10.0.0.3,22326,80,UDP,67,488,45,,0
2023-10-01 17:25:01,192.168.0.135,10.0.0.3,36824,22,ICMP,59,1155,31,,0
2023-10-01 23:25:19,10.0.1.45,10.0.0.1,19308,443,UDP,3650,2960,4,,1
2023-10-01 08:11:13,192.168.0.242,10.0.0.2,32468,22,UDP,89,1065,30,,0
2023-10-01 09:57:22,10.0.1.19,10.0.0.1,54657,80,UDP,9399,1777,7,,1
2023-10-01 05:19:58,10.0.1.19,10.0.0.1,50001,80,TCP,1794,1709,8,RST,1
2023-10-01 07:21:25,10.0.1.35,10.0.0.1,41373,443,ICMP,4950,1281,2,,1
2023-10-01 08:42:43,192.168.0.63,10.0.0.1,48036,443,TCP,7,269,36,PSH,0
2023-10-01 05:00:18,10.0.1.1,10.0.0.1,32314,12345,ICMP,3087,1833,8,,1
2023-10-01 10:27:29,192.168.0.83,10.0.0.2,16242,80,ICMP,12,1399,46,,0
2023-10-01 01:21:28,192.168.0.234,10.0.0.1,52663,3389,UDP,23,138,35,,0
2023-10-01 10:32:21,10.0.1.3,10.0.0.1,30800,80,TCP,2258,2901,6,RST,1
2023-10-01 19:46:51,192.168.0.135,10.0.0.3,54030,443,UDP,60,622,22,,0
2023-10-01 05:54:58,10.0.1.47,10.0.0.1,52847,443,UDP,3550,1028,6,,1
2023-10-01 07:01:58,10.0.1.12,10.0.0.1,34793,12345,UDP,7143,2693,7,,1
2023-10-01 14:35:38,10.0.1.43,10.0.0.1,1471,80,TCP,2803,1977,6,ACK,1
2023-10-01 08:34:30,10.0.1.29,10.0.0.1,1773,443,ICMP,5447,2192,10,,1
2023-10-01 13:05:27,10.0.1.45,10.0.0.1,27593,80,TCP,2436,1953,5,ACK,1
2023-10-01 11:19:20,192.168.0.177,10.0.0.1,11063,22,TCP,29,512,18,PSH,0
2023-10-01 22:03:15,10.0.1.24,10.0.0.1,53583,443,UDP,8214,2551,9,,1
2023-10-01 07:57:07,192.168.0.196,10.0.0.1,5071,80,TCP,68,804,14,ACK,0
2023-10-01 18:24:15,192.168.0.52,10.0.0.4,48007,443,TCP,67,968,17,ACK,0
2023-10-01 03:18:39,192.168.0.231,10.0.0.4,28249,3389,UDP,59,334,42,,0
2023-10-01 02:06:07,10.0.1.36,10.0.0.1,26972,443,UDP,5549,2481,1,,1
2023-10-01 00:06:35,10.0.1.48,10.0.0.1,46924,80,UDP,1242,1867,6,,1
2023-10-01 02:11:37,10.0.1.5,10.0.0.1,25564,443,TCP,7198,1368,3,FIN,1
2023-10-01 13:55:32,192.168.0.115,10.0.0.3,8798,3389,TCP,85,1168,18,PSH,0
2023-10-01 19:33:39,10.0.1.26,10.0.0.1,65150,12345,TCP,4148,2709,1,SYN,1
2023-10-01 19:49:21,10.0.1.28,10.0.0.1,23709,12345,UDP,4262,1506,8,,1
2023-10-01 06:51:44,10.0.1.47,10.0.0.1,14529,80,TCP,7368,2259,1,ACK,1
2023-10-01 21:37:29,10.0.1.3,10.0.0.1,27386,443,UDP,1297,1501,1,,1
2023-10-01 19:39:07,10.0.1.14,10.0.0.1,38869,80,TCP,5239,1479,10,RST,1
2023-10-01 11:40:30,192.168.0.61,10.0.0.2,20717,443,ICMP,67,516,36,,0
2023-10-01 20:16:10,10.0.1.38,10.0.0.1,4096,12345,ICMP,7499,2138,8,,1
2023-10-01 23:25:20,192.168.0.172,10.0.0.3,13074,22,TCP,53,369,29,PSH,0
2023-10-01 17:14:25,192.168.0.62,10.0.0.1,37880,22,UDP,19,1012,13,,0
2023-10-01 15:09:52,10.0.1.36,10.0.0.1,43406,12345,TCP,4478,1522,4,RST,1
2023-10-01 16:22:34,10.0.1.24,10.0.0.1,25742,80,UDP,3620,1105,5,,1
2023-10-01 21:57:06,192.168.0.11,10.0.0.1,15246,443,UDP,76,1439,45,,0
2023-10-01 12:07:22,10.0.1.20,10.0.0.1,60952,80,TCP,3613,2970,2,FIN,1
2023-10-01 22:00:20,10.0.1.46,10.0.0.1,51848,80,UDP,4421,2130,6,,1
2023-10-01 16:58:32,10.0.1.35,10.0.0.1,58879,12345,UDP,4785,1736,9,,1
2023-10-01 03:35:24,10.0.1.47,10.0.0.1,25318,443,UDP,5746,2872,4,,1
2023-10-01 01:39:52,10.0.1.37,10.0.0.1,62284,80,UDP,765,1534,9,,1
2023-10-01 15:12:12,192.168.0.76,10.0.0.1,37110,443,TCP,49,1230,25,PSH,0
2023-10-01 12:17:25,192.168.0.66,10.0.0.3,48230,3389,TCP,94,785,20,ACK,0
2023-10-01 06:42:03,192.168.0.235,10.0.0.4,28050,80,TCP,10,1432,13,ACK,0
2023-10-01 22:57:47,10.0.1.15,10.0.0.1,30909,80,UDP,649,1447,9,,1
2023-10-01 22:29:40,10.0.1.41,10.0.0.1,2054,12345,ICMP,8416,2350,8,,1
2023-10-01 20:05:05,10.0.1.27,10.0.0.1,33937,80,TCP,5001,2097,5,SYN,1
2023-10-01 15:40:36,192.168.0.207,10.0.0.1,13602,80,ICMP,68,368,25,,0
2023-10-01 09:11:24,192.168.0.209,10.0.0.2,31104,22,UDP,11,828,35,,0
2023-10-01 08:13:23,192.168.0.77,10.0.0.5,25879,80,TCP,84,128,15,PSH,0
2023-10-01 17:19:50,10.0.1.4,10.0.0.1,43288,12345,TCP,3307,1169,8,FIN,1
2023-10-01 20:36:07,192.168.0.251,10.0.0.1,4075,80,TCP,89,1224,40,PSH,0
2023-10-01 10:12:29,192.168.0.231,10.0.0.4,50323,80,TCP,41,96,23,ACK,0
2023-10-01 14:30:05,192.168.0.238,10.0.0.1,26179,22,TCP,31,1224,34,PSH,0
2023-10-01 05:05:43,192.168.0.203,10.0.0.5,16237,80,TCP,45,173,16,PSH,0
2023-10-01 12:24:02,192.168.0.155,10.0.0.4,18936,3389,ICMP,42,124,50,,0
2023-10-01 16:24:14,192.168.0.126,10.0.0.1,6640,22,TCP,49,948,21,PSH,0
2023-10-01 10:45:15,192.168.0.205,10.0.0.1,49498,80,TCP,20,842,55,ACK,0
2023-10-01 13:07:57,10.0.1.7,10.0.0.1,7723,80,TCP,5550,1910,6,RST,1
2023-10-01 06:49:21,10.0.1.28,10.0.0.1,2745,443,UDP,8895,1835,2,,1
2023-10-01 20:10:42,10.0.1.6,10.0.0.1,1832,12345,UDP,5815,2768,7,,1
2023-10-01 14:07:09,10.0.1.50,10.0.0.1,38507,80,UDP,9667,2853,4,,1
2023-10-01 13:51:43,192.168.0.44,10.0.0.1,29510,22,TCP,64,362,14,ACK,0
2023-10-01 10:54:49,10.0.1.31,10.0.0.1,39939,80,UDP,4540,2476,8,,1
2023-10-01 16:40:12,192.168.0.28,10.0.0.1,53719,22,TCP,51,744,49,PSH,0
2023-10-01 16:01:40,192.168.0.86,10.0.0.3,21614,443,TCP,78,1487,22,PSH,0
2023-10-01 14:29:58,10.0.1.21,10.0.0.1,52271,443,UDP,8544,2981,10,,1
2023-10-01 13:41:30,10.0.1.18,10.0.0.1,36782,443,UDP,9738,1409,10,,1
2023-10-01 20:01:42,10.0.1.2,10.0.0.1,55502,12345,UDP,3934,1897,5,,1
2023-10-01 14:53:47,192.168.0.173,10.0.0.3,47897,443,TCP,31,581,52,ACK,0
2023-10-01 13:43:32,10.0.1.5,10.0.0.1,36044,443,ICMP,8351,2192,7,,1
2023-10-01 15:13:47,192.168.0.140,10.0.0.1,60950,22,UDP,69,1280,50,,0
2023-10-01 09:02:16,10.0.1.43,10.0.0.1,64384,12345,UDP,1225,2153,7,,1
2023-10-01 15:40:20,192.168.0.28,10.0.0.1,30238,80,TCP,66,1126,45,ACK,0
2023-10-01 16:51:34,10.0.1.50,10.0.0.1,2633,12345,UDP,8699,1308,6,,1
2023-10-01 10:45:22,10.0.1.27,10.0.0.1,30864,80,TCP,2821,1713,5,RST,1
2023-10-01 18:58:23,192.168.0.124,10.0.0.2,5426,3389,TCP,93,1490,38,PSH,0
2023-10-01 04:11:24,10.0.1.2,10.0.0.1,34840,443,UDP,3192,2904,4,,1
2023-10-01 05:49:49,10.0.1.22,10.0.0.1,42295,12345,UDP,8070,1474,7,,1
2023-10-01 23:19:08,10.0.1.43,10.0.0.1,29175,443,UDP,3732,1920,10,,1
2023-10-01 07:49:13,10.0.1.14,10.0.0.1,53420,443,UDP,1525,2182,2,,1
2023-10-01 06:48:25,192.168.0.94,10.0.0.2,40147,443,TCP,34,1437,41,PSH,0
2023-10-01 14:17:31,10.0.1.38,10.0.0.1,54353,80,UDP,8001,2264,3,,1
2023-10-01 10:49:46,192.168.0.236,10.0.0.4,8688,80,TCP,41,305,25,PSH,0
2023-10-01 05:08:48,10.0.1.33,10.0.0.1,28748,443,UDP,2758,2177,7,,1
2023-10-01 23:08:16,10.0.1.35,10.0.0.1,33113,12345,ICMP,3338,2136,3,,1
2023-10-01 06:48:43,10.0.1.21,10.0.0.1,32783,443,UDP,6382,2949,1,,1
2023-10-01 13:58:44,10.0.1.36,10.0.0.1,28262,12345,UDP,7203,2402,8,,1
2023-10-01 16:09:36,192.168.0.126,10.0.0.1,19036,80,TCP,98,515,28,ACK,0
2023-10-01 10:30:36,10.0.1.11,10.0.0.1,8443,443,UDP,8615,2125,9,,1
2023-10-01 09:45:12,192.168.0.199,10.0.0.4,36829,22,TCP,97,149,58,PSH,0
2023-10-01 15:28:45,10.0.1.7,10.0.0.1,30497,12345,UDP,4555,1609,1,,1
2023-10-01 03:10:01,10.0.1.29,10.0.0.1,46187,80,UDP,4382,1429,10,,1
2023-10-01 22:13:08,10.0.1.41,10.0.0.1,53809,443,TCP,2781,2607,4,ACK,1
2023-10-01 12:46:22,10.0.1.35,10.0.0.1,19985,443,UDP,3258,1662,5,,1
2023-10-01 18:43:45,192.168.0.253,10.0.0.5,57846,80,TCP,97,906,13,PSH,0
2023-10-01 04:49:52,192.168.0.64,10.0.0.1,33101,22,UDP,98,1448,35,,0
2023-10-01 23:01:30,10.0.1.18,10.0.0.1,27425,12345,UDP,7905,1154,2,,1
2023-10-01 10:07:47,192.168.0.178,10.0.0.2,57968,3389,ICMP,42,1255,10,,0
2023-10-01 03:23:28,192.168.0.188,10.0.0.3,64471,22,UDP,69,878,23,,0
2023-10-01 07:42:47,10.0.1.32,10.0.0.1,38899,443,UDP,5146,1691,9,,1
2023-10-01 17:40:14,10.0.1.22,10.0.0.1,2091,12345,UDP,1252,1203,8,,1
2023-10-01 05:45:07,10.0.1.29,10.0.0.1,11442,443,TCP,7509,1414,3,RST,1
2023-10-01 09:58:36,192.168.0.24,10.0.0.5,4417,22,TCP,48,1424,51,ACK,0
2023-10-01 11:07:23,10.0.1.47,10.0.0.1,47141,12345,UDP,7532,2342,2,,1
2023-10-01 07:46:13,10.0.1.31,10.0.0.1,1552,80,TCP,4205,2063,8,SYN,1
2023-10-01 04:23:26,192.168.0.253,10.0.0.3,7787,443,TCP,30,848,15,ACK,0
2023-10-01 10:53:43,10.0.1.9,10.0.0.1,5507,443,UDP,2681,2313,3,,1
2023-10-01 00:18:30,192.168.0.157,10.0.0.5,61310,443,TCP,93,500,50,ACK,0
2023-10-01 16:06:24,10.0.1.14,10.0.0.1,39662,80,UDP,2793,2541,2,,1
2023-10-01 12:47:56,192.168.0.247,10.0.0.3,6545,22,UDP,32,631,51,,0
2023-10-01 21:52:54,10.0.1.39,10.0.0.1,14488,12345,UDP,939,2736,5,,1
2023-10-01 18:33:04,192.168.0.49,10.0.0.5,8412,3389,TCP,7,554,41,PSH,0
2023-10-01 23:13:54,10.0.1.39,10.0.0.1,9673,80,UDP,697,1739,6,,1
2023-10-01 20:41:38,10.0.1.27,10.0.0.1,63575,443,UDP,3330,2562,8,,1
2023-10-01 02:39:27,192.168.0.5,10.0.0.4,34225,80,TCP,28,145,13,PSH,0
2023-10-01 18:14:33,10.0.1.50,10.0.0.1,36259,443,UDP,7090,1168,9,,1
2023-10-01 10:06:08,192.168.0.22,10.0.0.2,26630,80,TCP,27,382,44,PSH,0
2023-10-01 23:39:35,192.168.0.175,10.0.0.5,6674,80,TCP,56,552,13,ACK,0
2023-10-01 04:13:22,192.168.0.117,10.0.0.4,8851,80,TCP,95,1411,57,ACK,0
2023-10-01 04:59:44,10.0.1.45,10.0.0.1,11966,80,TCP,6180,2071,9,RST,1
2023-10-01 09:47:07,10.0.1.47,10.0.0.1,18848,80,UDP,980,1686,7,,1
2023-10-01 09:34:25,192.168.0.183,10.0.0.4,57343,80,TCP,66,801,13,PSH,0
2023-10-01 13:23:13,192.168.0.41,10.0.0.2,49571,80,UDP,87,300,24,,0
2023-10-01 01:36:12,192.168.0.220,10.0.0.1,62048,443,TCP,47,848,19,ACK,0
2023-10-01 01:17:15,192.168.0.142,10.0.0.5,18801,3389,TCP,32,916,56,PSH,0
2023-10-01 20:48:32,192.168.0.96,10.0.0.1,58498,80,TCP,67,158,35,ACK,0
2023-10-01 10:16:42,10.0.1.50,10.0.0.1,25201,443,UDP,9561,1935,1,,1
2023-10-01 20:31:39,10.0.1.20,10.0.0.1,64715,12345,UDP,8100,1754,10,,1
2023-10-01 07:06:54,10.0.1.47,10.0.0.1,62129,12345,UDP,4516,1308,1,,1
2023-10-01 08:28:59,10.0.1.35,10.0.0.1,1119,443,UDP,657,2947,6,,1
2023-10-01 13:41:59,192.168.0.218,10.0.0.5,64016,22,TCP,68,551,36,PSH,0
2023-10-01 05:11:01,10.0.1.46,10.0.0.1,46954,443,TCP,4292,2837,9,FIN,1
2023-10-01 16:41:31,192.168.0.250,10.0.0.5,5928,80,TCP,65,337,50,PSH,0
2023-10-01 02:16:03,192.168.0.112,10.0.0.5,21868,443,TCP,34,709,35,PSH,0
2023-10-01 08:30:19,10.0.1.5,10.0.0.1,30486,80,TCP,2285,1318,2,ACK,1
2023-10-01 14:48:02,10.0.1.8,10.0.0.1,31389,12345,UDP,3901,1925,5,,1
2023-10-01 04:21:57,10.0.1.6,10.0.0.1,3667,80,UDP,5484,2692,10,,1
2023-10-01 11:56:04,10.0.1.10,10.0.0.1,4232,80,UDP,6328,1811,9,,1
2023-10-01 09:28:20,192.168.0.210,10.0.0.1,37076,80,ICMP,58,1202,57,,0
2023-10-01 16:49:20,10.0.1.7,10.0.0.1,14008,80,TCP,1510,2700,4,ACK,1
2023-10-01 13:33:10,192.168.0.176,10.0.0.5,13983,80,TCP,34,217,11,ACK,0
2023-10-01 16:08:41,192.168.0.208,10.0.0.1,62777,80,ICMP,43,314,12,,0
2023-10-01 06:06:58,10.0.1.37,10.0.0.1,26106,443,UDP,6971,2016,1,,1
2023-10-01 06:17:30,192.168.0.91,10.0.0.1,43444,443,TCP,58,368,12,ACK,0
2023-10-01 15:00:00,10.0.1.36,10.0.0.1,14095,443,TCP,5083,1784,3,FIN,1
2023-10-01 19:08:39,192.168.0.64,10.0.0.5,36709,80,ICMP,92,799,40,,0
2023-10-01 12:31:33,192.168.0.234,10.0.0.4,2944,22,TCP,24,117,30,ACK,0
2023-10-01 10:13:42,192.168.0.15,10.0.0.3,17267,22,UDP,30,390,16,,0
2023-10-01 09:42:14,192.168.0.137,10.0.0.5,24276,80,UDP,29,1243,34,,0
2023-10-01 06:19:28,192.168.0.46,10.0.0.1,2872,22,UDP,90,798,47,,0
2023-10-01 12:48:15,192.168.0.243,10.0.0.4,12529,443,TCP,25,1072,44,PSH,0
2023-10-01 03:17:10,10.0.1.4,10.0.0.1,1068,80,UDP,826,2078,8,,1
2023-10-01 22:21:35,10.0.1.13,10.0.0.1,4927,80,UDP,3407,2881,6,,1
2023-10-01 21:21:28,10.0.1.46,10.0.0.1,63975,80,UDP,9122,2762,6,,1
2023-10-01 14:24:11,10.0.1.38,10.0.0.1,49019,80,UDP,5785,1279,3,,1
2023-10-01 23:16:29,192.168.0.246,10.0.0.3,15654,22,TCP,72,1484,49,PSH,0
2023-10-01 06:23:03,192.168.0.97,10.0.0.2,56779,22,TCP,94,67,54,PSH,0
2023-10-01 20:39:41,192.168.0.9,10.0.0.1,38087,22,ICMP,79,516,50,,0
2023-10-01 18:03:55,10.0.1.10,10.0.0.1,12026,443,UDP,4399,1710,6,,1
2023-10-01 03:13:49,192.168.0.211,10.0.0.5,23993,22,TCP,34,493,25,ACK,0
2023-10-01 03:56:00,10.0.1.47,10.0.0.1,58993,80,TCP,7679,2500,7,ACK,1
2023-10-01 13:47:18,10.0.1.23,10.0.0.1,43685,12345,UDP,8355,2615,10,,1
2023-10-01 08:12:47,192.168.0.42,10.0.0.3,21911,80,UDP,5,667,11,,0
2023-10-01 03:48:46,10.0.1.5,10.0.0.1,23171,443,TCP,6651,1329,2,SYN,1
2023-10-01 22:20:31,192.168.0.229,10.0.0.3,11319,80,TCP,84,401,48,PSH,0
2023-10-01 12:03:17,10.0.1.14,10.0.0.1,18408,80,UDP,9578,2478,9,,1
2023-10-01 10:49:40,192.168.0.61,10.0.0.1,24671,80,TCP,71,1069,19,ACK,0
2023-10-01 03:11:25,10.0.1.19,10.0.0.1,2710,12345,UDP,8369,1408,2,,1
2023-10-01 23:14:08,10.0.1.19,10.0.0.1,31887,80,UDP,2392,1631,7,,1
2023-10-01 09:38:54,10.0.1.6,10.0.0.1,25233,12345,UDP,3529,1759,7,,1
2023-10-01 01:37:28,10.0.1.17,10.0.0.1,38002,443,UDP,4206,2714,5,,1
2023-10-01 03:31:15,10.0.1.6,10.0.0.1,15934,12345,UDP,9371,1847,10,,1
2023-10-01 14:05:38,192.168.0.210,10.0.0.4,58804,3389,ICMP,88,1036,46,,0
2023-10-01 10:52:51,10.0.1.6,10.0.0.1,60036,443,ICMP,1068,2028,10,,1
2023-10-01 20:48:25,192.168.0.174,10.0.0.4,64735,443,TCP,97,983,21,ACK,0
2023-10-01 07:01:00,10.0.1.9,10.0.0.1,55688,80,UDP,7633,1413,3,,1
2023-10-01 11:38:30,192.168.0.234,10.0.0.5,57163,80,TCP,72,877,45,PSH,0
2023-10-01 16:40:51,10.0.1.1,10.0.0.1,8398,12345,UDP,9061,2600,7,,1
2023-10-01 05:23:44,10.0.1.37,10.0.0.1,37900,12345,UDP,2141,2894,2,,1
2023-10-01 10:24:58,192.168.0.223,10.0.0.4,32847,22,UDP,34,848,51,,0
2023-10-01 17:13:23,192.168.0.10,10.0.0.1,3565,22,TCP,80,1310,53,PSH,0
2023-10-01 12:04:09,10.0.1.45,10.0.0.1,2349,80,TCP,8285,2885,5,RST,1
2023-10-01 11:02:02,10.0.1.20,10.0.0.1,9831,443,UDP,2109,2991,4,,1
2023-10-01 16:07:59,10.0.1.50,10.0.0.1,29972,443,TCP,7328,2238,2,ACK,1
2023-10-01 14:49:28,10.0.1.48,10.0.0.1,34792,443,UDP,6626,2681,1,,1
2023-10-01 02:23:20,192.168.0.80,10.0.0.5,13656,3389,TCP,68,1228,11,ACK,0
2023-10-01 07:18:29,192.168.0.215,10.0.0.1,18979,443,TCP,7,802,55,ACK,0
2023-10-01 16:54:06,10.0.1.33,10.0.0.1,16879,443,UDP,2529,2395,1,,1
2023-10-01 21:37:42,10.0.1.29,10.0.0.1,23945,80,ICMP,8275,2201,9,,1
2023-10-01 09:25:03,10.0.1.48,10.0.0.1,56980,12345,TCP,949,1791,1,ACK,1
2023-10-01 07:48:11,192.168.0.220,10.0.0.1,57688,443,TCP,35,1398,36,ACK,0
2023-10-01 00:19:26,192.168.0.122,10.0.0.1,47734,443,TCP,2,522,26,PSH,0
2023-10-01 23:24:05,192.168.0.71,10.0.0.3,31609,3389,UDP,59,580,23,,0
2023-10-01 18:57:21,10.0.1.40,10.0.0.1,37819,443,UDP,620,2047,6,,1
2023-10-01 22:10:29,192.168.0.73,10.0.0.2,57482,80,TCP,44,630,50,PSH,0
2023-10-01 23:53:18,10.0.1.46,10.0.0.1,53808,12345,TCP,2956,2059,4,SYN,1
2023-10-01 21:50:47,192.168.0.104,10.0.0.5,20396,22,TCP,93,116,51,PSH,0
2023-10-01 15:14:22,10.0.1.26,10.0.0.1,23513,443,UDP,9872,2671,4,,1
2023-10-01 08:05:45,192.168.0.176,10.0.0.4,20697,3389,ICMP,86,798,42,,0
2023-10-01 23:56:34,192.168.0.225,10.0.0.4,48549,443,TCP,61,326,57,PSH,0
2023-10-01 06:39:55,192.168.0.243,10.0.0.5,28580,22,TCP,29,791,24,PSH,0
2023-10-01 12:03:46,192.168.0.96,10.0.0.2,31971,22,TCP,16,1027,13,ACK,0
2023-10-01 18:13:18,192.168.0.31,10.0.0.5,14150,3389,TCP,53,174,19,ACK,0
2023-10-01 20:43:52,10.0.1.30,10.0.0.1,32978,80,UDP,3454,2595,2,,1
2023-10-01 06:26:16,10.0.1.21,10.0.0.1,38791,12345,TCP,7906,1560,4,ACK,1
2023-10-01 17:49:29,192.168.0.202,10.0.0.1,64287,443,TCP,82,943,35,PSH,0
2023-10-01 00:10:11,10.0.1.3,10.0.0.1,50624,12345,TCP,6612,2945,1,RST,1
2023-10-01 06:56:19,192.168.0.5,10.0.0.5,21477,80,TCP,32,527,54,PSH,0
2023-10-01 13:57:52,10.0.1.33,10.0.0.1,20566,12345,UDP,1569,2687,1,,1
2023-10-01 16:35:59,192.168.0.187,10.0.0.4,24567,22,TCP,88,338,31,PSH,0
2023-10-01 06:00:11,192.168.0.243,10.0.0.3,39670,80,TCP,94,332,23,ACK,0
2023-10-01 04:29:03,192.168.0.94,10.0.0.5,39947,80,TCP,82,587,59,ACK,0
2023-10-01 03:56:10,192.168.0.168,10.0.0.1,36890,80,TCP,54,973,34,ACK,0
2023-10-01 05:34:30,10.0.1.14,10.0.0.1,44386,12345,UDP,652,1616,7,,1
2023-10-01 18:56:37,10.0.1.18,10.0.0.1,34551,12345,UDP,2747,1857,2,,1
2023-10-01 04:17:11,192.168.0.73,10.0.0.1,55517,80,TCP,78,473,59,PSH,0
2023-10-01 07:20:33,192.168.0.92,10.0.0.5,46126,3389,TCP,6,1186,41,ACK,0
2023-10-01 12:02:12,192.168.0.61,10.0.0.1,10798,80,TCP,15,1239,52,PSH,0
2023-10-01 18:37:50,192.168.0.20,10.0.0.5,65071,80,ICMP,83,537,39,,0
2023-10-01 16:54:13,10.0.1.4,10.0.0.1,24631,80,UDP,1146,2745,5,,1
2023-10-01 11:23:07,192.168.0.110,10.0.0.5,44497,80,TCP,98,157,10,ACK,0
2023-10-01 11:57:58,192.168.0.92,10.0.0.3,13008,22,UDP,12,827,31,,0
2023-10-01 14:34:21,10.0.1.30,10.0.0.1,43546,443,UDP,8335,2638,7,,1
2023-10-01 06:04:20,192.168.0.29,10.0.0.1,60742,80,ICMP,21,276,36,,0
2023-10-01 20:42:52,192.168.0.174,10.0.0.3,57553,443,TCP,100,798,49,ACK,0
2023-10-01 04:45:25,192.168.0.124,10.0.0.3,18169,80,UDP,57,158,14,,0
2023-10-01 00:27:00,192.168.0.181,10.0.0.5,35306,443,ICMP,86,756,43,,0
2023-10-01 22:30:33,192.168.0.25,10.0.0.3,10766,443,TCP,85,1449,51,PSH,0
2023-10-01 20:19:43,192.168.0.229,10.0.0.4,58002,80,TCP,21,1099,40,PSH,0
2023-10-01 17:54:01,10.0.1.21,10.0.0.1,15619,80,UDP,5057,1103,9,,1
2023-10-01 13:47:08,192.168.0.104,10.0.0.1,30323,80,TCP,74,981,15,PSH,0
2023-10-01 18:06:31,10.0.1.48,10.0.0.1,55150,12345,TCP,7109,1844,1,SYN,1
2023-10-01 21:59:54,10.0.1.40,10.0.0.1,43923,12345,UDP,8828,2151,4,,1
2023-10-01 12:24:36,192.168.0.94,10.0.0.1,41640,443,UDP,43,1211,59,,0
2023-10-01 23:55:36,192.168.0.94,10.0.0.5,23395,3389,TCP,98,1413,24,ACK,0
2023-10-01 23:04:15,10.0.1.19,10.0.0.1,33295,12345,UDP,2241,1093,3,,1
2023-10-01 14:53:56,10.0.1.7,10.0.0.1,15152,443,UDP,3572,1247,7,,1
2023-10-01 06:56:19,10.0.1.46,10.0.0.1,51627,443,TCP,7290,1095,10,SYN,1
2023-10-01 16:39:10,192.168.0.169,10.0.0.4,4207,443,ICMP,1,1150,57,,0
2023-10-01 15:45:29,192.168.0.215,10.0.0.4,38940,3389,ICMP,100,426,54,,0
2023-10-01 04:40:27,10.0.1.7,10.0.0.1,28461,443,UDP,5773,2032,7,,1
2023-10-01 09:02:17,192.168.0.71,10.0.0.3,28073,22,ICMP,58,337,18,,0
2023-10-01 18:39:07,192.168.0.77,10.0.0.5,14189,22,UDP,71,1359,23,,0
2023-10-01 10:34:46,10.0.1.44,10.0.0.1,34047,443,ICMP,2673,2454,3,,1
2023-10-01 23:11:16,192.168.0.83,10.0.0.5,38421,80,UDP,72,1047,47,,0
2023-10-01 15:11:59,192.168.0.173,10.0.0.5,8001,22,UDP,55,90,43,,0
2023-10-01 05:17:28,10.0.1.4,10.0.0.1,45810,12345,TCP,4874,2536,3,RST,1
2023-10-01 02:15:30,10.0.1.45,10.0.0.1,7740,443,TCP,9366,1066,6,FIN,1
2023-10-01 20:27:27,192.168.0.222,10.0.0.1,61742,3389,TCP,90,653,54,ACK,0
2023-10-01 15:10:00,10.0.1.44,10.0.0.1,14333,443,ICMP,1381,1026,5,,1
2023-10-01 16:07:53,192.168.0.213,10.0.0.1,51889,22,UDP,70,1299,22,,0
2023-10-01 07:02:42,192.168.0.76,10.0.0.3,49198,443,ICMP,10,446,21,,0
2023-10-01 13:44:00,192.168.0.11,10.0.0.3,1393,22,TCP,17,393,47,PSH,0
2023-10-01 05:38:10,10.0.1.3,10.0.0.1,56280,80,ICMP,1333,2584,10,,1
2023-10-01 17:51:37,192.168.0.203,10.0.0.4,63741,22,TCP,91,714,43,ACK,0
2023-10-01 02:28:56,10.0.1.33,10.0.0.1,23922,80,UDP,9298,1826,2,,1
2023-10-01 07:46:04,10.0.1.43,10.0.0.1,35790,443,UDP,5309,1447,10,,1
2023-10-01 20:26:15,10.0.1.49,10.0.0.1,63866,12345,TCP,6168,1912,4,ACK,1
2023-10-01 11:41:05,10.0.1.25,10.0.0.1,2643,80,UDP,9351,2482,5,,1
2023-10-01 13:39:06,192.168.0.132,10.0.0.4,34702,3389,TCP,38,1398,22,PSH,0
2023-10-01 03:29:37,10.0.1.11,10.0.0.1,57709,12345,UDP,1572,1431,4,,1
2023-10-01 03:47:01,192.168.0.53,10.0.0.4,31119,3389,TCP,10,1469,19,ACK,0
2023-10-01 01:22:45,192.168.0.23,10.0.0.1,60726,80,TCP,33,1206,14,ACK,0
2023-10-01 14:07:40,10.0.1.29,10.0.0.1,45149,12345,UDP,5683,1034,7,,1
2023-10-01 00:12:53,10.0.1.42,10.0.0.1,24466,12345,UDP,1245,2435,2,,1
2023-10-01 03:51:51,192.168.0.75,10.0.0.5,54902,22,TCP,37,960,34,PSH,0
2023-10-01 17:15:26,192.168.0.41,10.0.0.4,20557,443,TCP,51,1181,28,ACK,0
2023-10-01 23:35:26,192.168.0.96,10.0.0.1,36226,443,TCP,1,1236,48,PSH,0
2023-10-01 03:05:57,192.168.0.79,10.0.0.1,13082,22,TCP,83,1113,19,ACK,0
2023-10-01 09:12:07,10.0.1.13,10.0.0.1,43273,80,TCP,9794,2745,1,FIN,1
2023-10-01 10:34:56,192.168.0.172,10.0.0.1,24429,22,TCP,93,1253,41,PSH,0
2023-10-01 23:51:54,10.0.1.16,10.0.0.1,32865,80,TCP,1643,2843,4,RST,1
2023-10-01 22:26:25,10.0.1.43,10.0.0.1,24911,443,UDP,2996,2158,10,,1
2023-10-01 15:35:39,192.168.0.44,10.0.0.1,56081,22,TCP,29,1376,37,PSH,0
2023-10-01 12:04:18,10.0.1.31,10.0.0.1,8156,443,UDP,5504,1997,9,,1
2023-10-01 22:05:11,10.0.1.6,10.0.0.1,13897,443,UDP,2793,2825,9,,1
2023-10-01 22:48:52,10.0.1.5,10.0.0.1,54281,12345,TCP,805,2739,9,SYN,1
2023-10-01 14:45:01,192.168.0.197,10.0.0.4,59612,443,ICMP,71,597,44,,0
2023-10-01 17:11:19,192.168.0.168,10.0.0.1,9798,22,TCP,99,1271,56,PSH,0
2023-10-01 18:35:00,10.0.1.6,10.0.0.1,56597,443,UDP,673,2357,4,,1
2023-10-01 22:21:22,192.168.0.176,10.0.0.1,49253,443,TCP,23,1223,46,ACK,0
2023-10-01 13:03:48,192.168.0.11,10.0.0.1,44840,3389,TCP,34,820,24,ACK,0
2023-10-01 13:09:09,10.0.1.25,10.0.0.1,7788,443,ICMP,1260,1081,6,,1
2023-10-01 18:58:57,192.168.0.163,10.0.0.2,24964,22,TCP,73,420,34,PSH,0
2023-10-01 02:50:02,192.168.0.133,10.0.0.2,24151,3389,ICMP,29,1121,35,,0
2023-10-01 12:33:44,192.168.0.125,10.0.0.3,6076,80,TCP,18,964,20,ACK,0
2023-10-01 10:13:26,192.168.0.55,10.0.0.1,28196,443,TCP,78,306,52,ACK,0
2023-10-01 04:07:35,192.168.0.124,10.0.0.5,2495,3389,TCP,76,394,51,PSH,0
2023-10-01 04:39:22,10.0.1.37,10.0.0.1,4688,12345,TCP,8899,1080,10,ACK,1
2023-10-01 06:33:17,10.0.1.34,10.0.0.1,58597,443,UDP,9734,2305,1,,1
2023-10-01 10:19:12,192.168.0.243,10.0.0.1,55442,443,TCP,61,1050,20,ACK,0
2023-10-01 05:11:45,10.0.1.38,10.0.0.1,48484,80,UDP,8869,1541,3,,1
2023-10-01 16:30:37,192.168.0.153,10.0.0.4,14285,80,TCP,50,334,16,ACK,0
2023-10-01 18:21:47,192.168.0.176,10.0.0.3,58548,443,TCP,23,1038,49,ACK,0
2023-10-01 18:19:32,192.168.0.193,10.0.0.1,59807,80,TCP,17,1299,44,ACK,0
2023-10-01 23:38:16,192.168.0.111,10.0.0.4,16063,3389,TCP,6,1492,43,PSH,0
2023-10-01 17:33:12,192.168.0.203,10.0.0.3,28908,22,TCP,95,1490,46,ACK,0
2023-10-01 17:22:19,10.0.1.50,10.0.0.1,58483,80,ICMP,1873,1580,10,,1
2023-10-01 09:23:11,192.168.0.49,10.0.0.1,43920,80,TCP,16,1128,10,PSH,0
2023-10-01 11:30:05,10.0.1.27,10.0.0.1,18148,443,TCP,7480,2334,10,RST,1
2023-10-01 15:25:17,192.168.0.145,10.0.0.2,37206,22,ICMP,51,481,36,,0
2023-10-01 17:33:58,192.168.0.46,10.0.0.2,49244,3389,TCP,40,1247,32,PSH,0
2023-10-01 04:20:08,10.0.1.48,10.0.0.1,34338,80,UDP,3150,1205,4,,1
2023-10-01 12:19:19,10.0.1.36,10.0.0.1,64238,12345,UDP,1352,1329,7,,1
2023-10-01 03:18:59,192.168.0.211,10.0.0.1,18265,3389,ICMP,56,244,14,,0
2023-10-01 02:54:50,10.0.1.39,10.0.0.1,19798,80,UDP,7064,2257,9,,1
2023-10-01 21:45:11,192.168.0.15,10.0.0.1,13786,3389,TCP,26,1409,43,PSH,0
2023-10-01 21:49:39,10.0.1.33,10.0.0.1,24599,12345,UDP,3276,2380,1,,1
2023-10-01 00:00:37,10.0.1.11,10.0.0.1,27595,80,ICMP,7044,1723,7,,1
2023-10-01 18:51:01,192.168.0.4,10.0.0.5,55403,80,ICMP,71,646,56,,0
2023-10-01 21:13:26,192.168.0.90,10.0.0.2,18135,22,TCP,25,995,35,ACK,0
2023-10-01 18:25:53,10.0.1.7,10.0.0.1,58440,12345,TCP,5321,1696,2,RST,1
2023-10-01 20:55:52,192.168.0.65,10.0.0.5,16967,3389,ICMP,73,1054,59,,0
2023-10-01 16:42:22,192.168.0.175,10.0.0.3,45386,80,TCP,34,202,34,ACK,0
2023-10-01 11:29:43,192.168.0.106,10.0.0.2,7119,80,UDP,34,572,28,,0
2023-10-01 12:27:05,10.0.1.5,10.0.0.1,15347,12345,ICMP,8307,1642,6,,1
2023-10-01 09:47:48,192.168.0.47,10.0.0.5,58220,443,TCP,26,544,57,ACK,0
2023-10-01 08:20:42,10.0.1.13,10.0.0.1,8880,80,UDP,6333,1319,2,,1
2023-10-01 17:56:14,192.168.0.158,10.0.0.1,33290,80,UDP,48,1335,30,,0
2023-10-01 20:55:03,192.168.0.223,10.0.0.2,15579,3389,TCP,98,1110,27,PSH,0
2023-10-01 04:40:09,192.168.0.14,10.0.0.4,26826,3389,TCP,70,130,42,PSH,0
2023-10-01 06:21:51,192.168.0.118,10.0.0.1,25890,3389,TCP,2,88,53,ACK,0
2023-10-01 11:50:55,192.168.0.93,10.0.0.4,63842,22,TCP,34,549,27,PSH,0
2023-10-01 13:19:22,192.168.0.48,10.0.0.3,19349,3389,TCP,90,826,33,PSH,0
2023-10-01 20:48:15,10.0.1.9,10.0.0.1,53720,12345,UDP,2136,2476,5,,1
2023-10-01 15:44:11,10.0.1.25,10.0.0.1,28648,80,TCP,2950,1968,1,ACK,1
2023-10-01 22:57:40,10.0.1.34,10.0.0.1,37864,12345,UDP,8472,1614,5,,1
2023-10-01 01:44:13,192.168.0.102,10.0.0.1,30505,443,TCP,33,1039,50,ACK,0
2023-10-01 09:27:28,192.168.0.93,10.0.0.2,38828,22,TCP,53,312,32,ACK,0
2023-10-01 23:38:02,192.168.0.138,10.0.0.1,59326,22,TCP,87,1109,41,PSH,0
2023-10-01 22:20:34,10.0.1.19,10.0.0.1,43005,443,UDP,2873,2778,3,,1
2023-10-01 12:17:02,192.168.0.108,10.0.0.5,23543,3389,UDP,10,226,20,,0
2023-10-01 11:32:13,10.0.1.42,10.0.0.1,52205,443,UDP,6979,1555,8,,1
2023-10-01 13:13:20,192.168.0.192,10.0.0.4,44410,3389,TCP,24,111,18,ACK,0
2023-10-01 02:54:54,10.0.1.14,10.0.0.1,36966,80,UDP,2065,1130,8,,1
2023-10-01 14:27:17,10.0.1.34,10.0.0.1,16055,80,TCP,3044,1172,7,RST,1
2023-10-01 10:20:47,10.0.1.29,10.0.0.1,3327,12345,TCP,9130,2717,3,SYN,1
2023-10-01 11:50:24,192.168.0.222,10.0.0.3,30177,3389,ICMP,70,621,45,,0
2023-10-01 19:38:05,10.0.1.12,10.0.0.1,42953,12345,UDP,9740,1890,9,,1
2023-10-01 11:16:27,192.168.0.233,10.0.0.2,28038,3389,TCP,12,968,29,PSH,0
2023-10-01 11:03:09,10.0.1.1,10.0.0.1,31773,80,UDP,2733,1704,5,,1
2023-10-01 17:54:38,192.168.0.243,10.0.0.3,53240,22,TCP,56,663,48,ACK,0
2023-10-01 13:36:14,10.0.1.13,10.0.0.1,11724,443,UDP,7661,1808,4,,1
2023-10-01 23:31:11,192.168.0.100,10.0.0.3,19680,443,TCP,55,1344,25,PSH,0
2023-10-01 19:22:02,192.168.0.208,10.0.0.2,8256,3389,TCP,9,437,18,PSH,0
2023-10-01 22:29:27,192.168.0.116,10.0.0.2,13209,3389,TCP,3,375,13,ACK,0
2023-10-01 10:16:17,192.168.0.69,10.0.0.1,1989,3389,UDP,30,248,19,,0
2023-10-01 12:26:55,10.0.1.27,10.0.0.1,46698,443,UDP,8665,1760,8,,1
2023-10-01 12:01:26,192.168.0.21,10.0.0.1,12925,80,TCP,51,210,44,PSH,0
2023-10-01 09:06:18,10.0.1.25,10.0.0.1,49364,80,TCP,4578,1788,8,ACK,1
2023-10-01 07:15:06,192.168.0.118,10.0.0.5,62379,80,TCP,27,1032,34,PSH,0
2023-10-01 22:54:25,10.0.1.47,10.0.0.1,17625,80,UDP,9504,2066,2,,1
2023-10-01 10:52:46,10.0.1.13,10.0.0.1,16488,443,UDP,4068,2993,2,,1
2023-10-01 11:48:54,192.168.0.4,10.0.0.1,39105,22,TCP,51,561,10,ACK,0
2023-10-01 17:18:14,192.168.0.177,10.0.0.4,7014,443,TCP,12,573,20,PSH,0
2023-10-01 12:19:17,192.168.0.239,10.0.0.5,9270,80,TCP,83,379,54,ACK,0
2023-10-01 11:31:55,10.0.1.36,10.0.0.1,2423,12345,UDP,7687,2501,4,,1
2023-10-01 13:02:25,192.168.0.186,10.0.0.1,20338,22,UDP,63,960,45,,0
2023-10-01 17:50:37,192.168.0.49,10.0.0.4,5537,443,TCP,42,1023,27,ACK,0
2023-10-01 16:21:41,192.168.0.76,10.0.0.2,49104,22,TCP,100,1370,42,PSH,0
2023-10-01 00:40:53,10.0.1.40,10.0.0.1,44165,443,UDP,4412,1656,2,,1
2023-10-01 14:06:29,192.168.0.49,10.0.0.4,22165,3389,UDP,20,1319,28,,0
2023-10-01 11:43:28,10.0.1.8,10.0.0.1,12731,80,UDP,1592,1089,3,,1
2023-10-01 07:21:26,192.168.0.28,10.0.0.3,35484,443,TCP,74,1378,34,PSH,0
2023-10-01 21:29:31,192.168.0.66,10.0.0.1,43999,22,TCP,92,209,10,ACK,0
2023-10-01 02:54:40,10.0.1.30,10.0.0.1,53075,12345,TCP,9642,2522,7,RST,1
2023-10-01 22:27:42,192.168.0.69,10.0.0.4,63977,80,UDP,39,223,23,,0
2023-10-01 03:41:07,192.168.0.186,10.0.0.1,37620,3389,TCP,68,1409,25,ACK,0
2023-10-01 15:06:59,192.168.0.192,10.0.0.1,11956,22,TCP,90,1426,37,ACK,0
2023-10-01 20:01:25,192.168.0.103,10.0.0.4,60169,22,TCP,69,1292,38,PSH,0
2023-10-01 11:49:13,10.0.1.24,10.0.0.1,40896,443,UDP,7554,2691,6,,1
2023-10-01 19:51:56,10.0.1.14,10.0.0.1,30351,443,UDP,4662,1737,8,,1
2023-10-01 00:00:25,192.168.0.186,10.0.0.1,20706,22,TCP,67,340,29,ACK,0
2023-10-01 07:49:17,192.168.0.220,10.0.0.2,34530,80,UDP,89,629,45,,0
2023-10-01 20:48:42,192.168.0.40,10.0.0.1,59326,80,TCP,20,347,26,PSH,0
2023-10-01 08:28:59,192.168.0.66,10.0.0.2,48444,80,TCP,73,509,56,ACK,0
2023-10-01 17:34:06,10.0.1.12,10.0.0.1,40033,443,UDP,9940,2678,2,,1
2023-10-01 01:21:38,192.168.0.188,10.0.0.4,28321,3389,TCP,8,748,32,PSH,0
2023-10-01 04:23:19,192.168.0.223,10.0.0.1,35389,80,TCP,81,847,13,PSH,0
2023-10-01 19:39:29,10.0.1.37,10.0.0.1,45171,80,UDP,4117,1313,1,,1
2023-10-01 14:18:15,192.168.0.249,10.0.0.3,23055,80,TCP,38,871,19,ACK,0
2023-10-01 20:48:19,10.0.1.48,10.0.0.1,33911,80,UDP,4801,1174,7,,1
2023-10-01 04:44:48,10.0.1.49,10.0.0.1,43769,80,UDP,3745,1999,7,,1
2023-10-01 20:25:53,192.168.0.158,10.0.0.5,8398,443,TCP,35,944,30,ACK,0
2023-10-01 15:25:14,192.168.0.94,10.0.0.2,12116,443,TCP,77,1406,11,PSH,0
2023-10-01 22:26:09,192.168.0.211,10.0.0.3,11247,443,TCP,30,472,53,PSH,0
2023-10-01 03:07:27,192.168.0.29,10.0.0.5,23520,80,TCP,80,366,28,ACK,0
2023-10-01 04:03:05,192.168.0.79,10.0.0.3,36834,3389,TCP,27,1165,23,ACK,0
2023-10-01 09:25:02,192.168.0.141,10.0.0.3,17765,443,TCP,86,101,34,ACK,0
2023-10-01 10:20:26,10.0.1.13,10.0.0.1,5388,12345,UDP,1369,1952,1,,1
2023-10-01 09:52:41,10.0.1.43,10.0.0.1,57870,12345,UDP,2267,1039,5,,1
2023-10-01 14:04:22,192.168.0.60,10.0.0.3,6792,80,ICMP,63,1286,44,,0
2023-10-01 18:13:41,10.0.1.30,10.0.0.1,61465,12345,ICMP,852,1081,4,,1
2023-10-01 12:08:41,192.168.0.126,10.0.0.3,16503,443,TCP,88,784,32,PSH,0
2023-10-01 18:15:00,192.168.0.71,10.0.0.1,15807,22,UDP,4,1200,27,,0
2023-10-01 14:18:11,10.0.1.43,10.0.0.1,28374,80,TCP,6762,2066,10,ACK,1
2023-10-01 05:33:41,10.0.1.28,10.0.0.1,9659,443,ICMP,5895,1919,9,,1
2023-10-01 05:02:43,10.0.1.38,10.0.0.1,21274,12345,UDP,3814,2766,3,,1
2023-10-01 19:04:16,192.168.0.233,10.0.0.1,62171,3389,ICMP,99,361,51,,0
2023-10-01 05:45:15,192.168.0.82,10.0.0.1,58704,80,TCP,19,124,58,PSH,0
2023-10-01 14:58:23,192.168.0.78,10.0.0.3,2740,22,TCP,25,282,18,ACK,0
2023-10-01 22:16:53,192.168.0.158,10.0.0.2,6232,443,TCP,30,1471,11,PSH,0
2023-10-01 17:21:09,192.168.0.35,10.0.0.4,33231,3389,UDP,48,440,34,,0
2023-10-01 05:57:47,10.0.1.13,10.0.0.1,15609,80,TCP,745,2895,5,FIN,1
2023-10-01 07:23:05,192.168.0.194,10.0.0.1,57828,80,TCP,57,1327,41,PSH,0
2023-10-01 08:59:06,10.0.1.28,10.0.0.1,26855,443,UDP,6732,2474,6,,1
2023-10-01 20:49:24,192.168.0.153,10.0.0.4,35017,80,TCP,58,999,12,ACK,0
2023-10-01 01:25:44,192.168.0.143,10.0.0.3,31258,80,TCP,57,879,29,PSH,0
2023-10-01 10:43:10,10.0.1.40,10.0.0.1,6951,80,UDP,2830,1949,8,,1
2023-10-01 04:07:13,192.168.0.47,10.0.0.4,30756,443,TCP,42,987,11,ACK,0
2023-10-01 07:21:07,192.168.0.226,10.0.0.3,48103,80,TCP,89,1392,55,ACK,0
2023-10-01 03:19:12,192.168.0.30,10.0.0.5,48660,3389,TCP,11,1136,55,PSH,0
2023-10-01 18:37:45,192.168.0.157,10.0.0.1,11648,3389,TCP,6,413,31,ACK,0
2023-10-01 06:30:44,192.168.0.197,10.0.0.5,8728,80,TCP,40,977,28,ACK,0
2023-10-01 07:23:08,192.168.0.1,10.0.0.4,40868,22,TCP,64,1085,44,ACK,0
2023-10-01 08:39:39,192.168.0.56,10.0.0.4,17061,3389,TCP,57,226,48,ACK,0
2023-10-01 10:07:32,192.168.0.159,10.0.0.5,3430,443,TCP,19,176,51,PSH,0
2023-10-01 01:10:50,10.0.1.43,10.0.0.1,4237,12345,UDP,5389,1678,2,,1
2023-10-01 06:29:23,10.0.1.11,10.0.0.1,64350,12345,TCP,9876,2612,9,ACK,1
2023-10-01 21:04:46,10.0.1.24,10.0.0.1,54780,80,TCP,5403,1661,6,FIN,1
2023-10-01 15:33:30,10.0.1.36,10.0.0.1,35564,80,TCP,2704,1249,5,RST,1
2023-10-01 07:38:24,10.0.1.45,10.0.0.1,6769,80,UDP,2290,2170,9,,1
2023-10-01 22:01:09,10.0.1.46,10.0.0.1,38716,443,UDP,5685,1531,9,,1
2023-10-01 12:53:00,192.168.0.238,10.0.0.1,58935,3389,TCP,81,1083,41,ACK,0
2023-10-01 10:34:34,192.168.0.251,10.0.0.1,49354,80,TCP,60,1344,60,ACK,0
2023-10-01 22:24:09,192.168.0.107,10.0.0.3,43007,80,TCP,72,1369,23,ACK,0
2023-10-01 10:15:13,10.0.1.17,10.0.0.1,51292,80,UDP,8801,2126,6,,1
2023-10-01 12:08:04,10.0.1.22,10.0.0.1,13739,443,UDP,977,2704,3,,1
2023-10-01 12:18:14,10.0.1.44,10.0.0.1,32579,443,ICMP,1082,2322,3,,1
2023-10-01 16:46:14,10.0.1.35,10.0.0.1,55753,443,UDP,7282,2900,1,,1
2023-10-01 20:34:08,192.168.0.186,10.0.0.5,53422,22,TCP,3,490,46,PSH,0
2023-10-01 12:52:26,192.168.0.17,10.0.0.1,36038,22,UDP,44,832,50,,0
2023-10-01 20:47:19,192.168.0.156,10.0.0.3,47544,443,TCP,97,695,55,PSH,0
2023-10-01 15:04:06,10.0.1.6,10.0.0.1,15188,443,UDP,6588,1925,5,,1
2023-10-01 06:22:19,192.168.0.29,10.0.0.2,2658,80,UDP,12,972,42,,0
2023-10-01 18:12:23,192.168.0.40,10.0.0.1,51849,22,ICMP,94,1136,29,,0
2023-10-01 03:34:38,10.0.1.34,10.0.0.1,31129,12345,ICMP,3861,2483,1,,1
2023-10-01 19:01:04,10.0.1.8,10.0.0.1,58163,80,UDP,1221,2407,10,,1
2023-10-01 16:59:54,10.0.1.3,10.0.0.1,50732,80,UDP,5619,1046,10,,1
2023-10-01 07:38:24,10.0.1.21,10.0.0.1,45006,80,TCP,5032,2090,6,FIN,1
2023-10-01 05:26:11,10.0.1.11,10.0.0.1,36579,443,TCP,9668,2052,2,ACK,1
2023-10-01 11:35:44,10.0.1.18,10.0.0.1,12248,80,ICMP,5141,2175,4,,1
2023-10-01 22:19:41,10.0.1.22,10.0.0.1,60222,12345,UDP,2631,1059,8,,1
2023-10-01 03:51:24,192.168.0.99,10.0.0.1,41414,80,TCP,23,1284,47,PSH,0
2023-10-01 12:05:59,10.0.1.13,10.0.0.1,38234,12345,UDP,9240,1160,8,,1
2023-10-01 17:02:57,10.0.1.7,10.0.0.1,63115,443,UDP,8125,1963,4,,1
2023-10-01 22:27:43,10.0.1.17,10.0.0.1,30730,443,UDP,5912,2615,6,,1
2023-10-01 02:22:47,10.0.1.31,10.0.0.1,19522,80,UDP,8056,2732,3,,1
2023-10-01 22:00:25,192.168.0.148,10.0.0.1,52956,80,TCP,92,283,30,ACK,0
2023-10-01 16:47:00,10.0.1.26,10.0.0.1,64848,12345,UDP,4492,2122,3,,1
2023-10-01 02:24:18,10.0.1.22,10.0.0.1,38196,80,UDP,7563,2606,7,,1
2023-10-01 19:49:32,192.168.0.178,10.0.0.1,39832,443,TCP,10,1239,41,ACK,0
2023-10-01 11:50:47,192.168.0.143,10.0.0.1,45949,3389,TCP,52,206,48,ACK,0
2023-10-01 13:47:44,192.168.0.84,10.0.0.3,50639,80,TCP,18,1253,58,ACK,0
2023-10-01 05:25:58,10.0.1.29,10.0.0.1,45687,12345,TCP,9968,1915,4,ACK,1
2023-10-01 10:54:46,192.168.0.146,10.0.0.5,39213,22,ICMP,56,769,15,,0
2023-10-01 18:35:02,10.0.1.26,10.0.0.1,64456,80,UDP,1522,1756,9,,1
2023-10-01 20:23:24,10.0.1.23,10.0.0.1,47044,80,UDP,1010,1481,7,,1
2023-10-01 22:45:48,192.168.0.82,10.0.0.5,32145,3389,TCP,56,1180,23,ACK,0
2023-10-01 20:13:20,10.0.1.25,10.0.0.1,9824,443,UDP,3027,1590,3,,1
2023-10-01 23:36:25,10.0.1.2,10.0.0.1,64919,80,UDP,8474,2347,7,,1
2023-10-01 03:04:57,192.168.0.36,10.0.0.5,41869,3389,UDP,90,1301,37,,0
2023-10-01 18:32:50,10.0.1.28,10.0.0.1,13200,12345,UDP,6803,1727,4,,1
2023-10-01 00:16:13,10.0.1.37,10.0.0.1,18669,443,UDP,4378,2458,9,,1
2023-10-01 19:53:07,10.0.1.37,10.0.0.1,8440,443,TCP,1120,2163,8,RST,1
2023-10-01 02:54:54,192.168.0.37,10.0.0.5,17095,22,TCP,11,1135,49,ACK,0
2023-10-01 02:50:34,10.0.1.44,10.0.0.1,4482,12345,UDP,9996,1639,10,,1
2023-10-01 19:28:47,192.168.0.200,10.0.0.1,28615,3389,TCP,61,1239,56,PSH,0
2023-10-01 10:43:36,10.0.1.19,10.0.0.1,5049,80,TCP,5481,2488,10,RST,1
2023-10-01 21:02:58,192.168.0.44,10.0.0.4,32793,80,TCP,38,1342,11,PSH,0
2023-10-01 18:24:29,10.0.1.5,10.0.0.1,49614,443,TCP,5103,1563,5,SYN,1
2023-10-01 06:21:26,10.0.1.38,10.0.0.1,52307,12345,TCP,7817,1757,3,RST,1
2023-10-01 17:39:19,192.168.0.47,10.0.0.4,55917,80,TCP,11,361,48,ACK,0
2023-10-01 15:02:05,10.0.1.50,10.0.0.1,38887,443,TCP,7711,2486,3,ACK,1
2023-10-01 12:33:49,192.168.0.14,10.0.0.5,31433,22,UDP,15,171,20,,0
2023-10-01 10:58:20,10.0.1.31,10.0.0.1,45818,12345,ICMP,9224,1478,7,,1
2023-10-01 17:16:45,192.168.0.68,10.0.0.1,64054,3389,TCP,58,846,53,PSH,0
2023-10-01 01:29:36,192.168.0.25,10.0.0.4,57277,22,ICMP,56,1314,51,,0
2023-10-01 09:50:32,10.0.1.18,10.0.0.1,35099,80,TCP,6908,1944,4,ACK,1
2023-10-01 06:33:02,10.0.1.21,10.0.0.1,27975,12345,TCP,638,2703,2,SYN,1
2023-10-01 03:46:59,10.0.1.44,10.0.0.1,3254,443,UDP,5141,1515,4,,1
2023-10-01 03:20:50,10.0.1.4,10.0.0.1,42841,12345,UDP,4052,2946,10,,1
2023-10-01 04:22:05,10.0.1.6,10.0.0.1,46614,12345,TCP,9774,2644,3,SYN,1
2023-10-01 10:43:29,10.0.1.30,10.0.0.1,51444,12345,ICMP,7929,2889,5,,1
2023-10-01 11:46:29,10.0.1.17,10.0.0.1,26111,80,UDP,5043,2591,1,,1
2023-10-01 02:11:12,10.0.1.17,10.0.0.1,12718,443,TCP,1637,2007,4,FIN,1
2023-10-01 03:56:52,192.168.0.37,10.0.0.4,7793,3389,TCP,83,281,38,PSH,0
2023-10-01 02:33:49,10.0.1.37,10.0.0.1,43810,12345,TCP,7805,1038,8,ACK,1
2023-10-01 01:22:39,192.168.0.171,10.0.0.3,34800,22,TCP,43,865,46,ACK,0
2023-10-01 17:51:54,192.168.0.123,10.0.0.3,15825,3389,UDP,100,207,44,,0
2023-10-01 17:33:05,10.0.1.8,10.0.0.1,27278,12345,UDP,6380,1682,5,,1
2023-10-01 23:33:33,10.0.1.6,10.0.0.1,50861,443,UDP,6071,1164,8,,1
2023-10-01 23:35:07,192.168.0.52,10.0.0.1,46629,80,ICMP,85,455,29,,0
2023-10-01 03:53:14,10.0.1.41,10.0.0.1,49214,12345,UDP,1890,2812,8,,1
2023-10-01 01:17:59,10.0.1.13,10.0.0.1,5152,80,UDP,4407,2001,7,,1
2023-10-01 23:25:32,192.168.0.79,10.0.0.3,4697,3389,ICMP,3,139,31,,0
2023-10-01 01:33:31,10.0.1.26,10.0.0.1,49589,80,TCP,9070,1938,9,ACK,1
2023-10-01 02:37:21,192.168.0.10,10.0.0.5,16928,443,TCP,3,1029,49,ACK,0
2023-10-01 04:45:09,192.168.0.4,10.0.0.1,12210,80,ICMP,13,998,49,,0
2023-10-01 02:19:43,192.168.0.210,10.0.0.1,28956,80,TCP,79,515,14,ACK,0
2023-10-01 14:38:12,10.0.1.21,10.0.0.1,22099,80,ICMP,9936,2117,3,,1
2023-10-01 07:45:48,192.168.0.196,10.0.0.1,12037,443,TCP,16,624,19,PSH,0
2023-10-01 20:08:56,192.168.0.43,10.0.0.3,52866,443,ICMP,6,337,16,,0
2023-10-01 22:17:53,192.168.0.97,10.0.0.1,12782,80,UDP,11,77,10,,0
2023-10-01 23:43:46,192.168.0.152,10.0.0.2,14534,3389,TCP,99,1038,54,ACK,0
2023-10-01 09:51:53,10.0.1.34,10.0.0.1,40101,443,UDP,3359,2250,1,,1
2023-10-01 18:12:01,10.0.1.40,10.0.0.1,1323,80,UDP,5434,1712,7,,1
2023-10-01 06:59:13,192.168.0.31,10.0.0.4,31446,80,TCP,98,1169,42,ACK,0
2023-10-01 07:34:37,192.168.0.71,10.0.0.1,12579,443,TCP,20,1467,40,PSH,0
2023-10-01 01:34:11,10.0.1.4,10.0.0.1,22932,12345,UDP,3933,1890,5,,1
2023-10-01 16:29:54,192.168.0.12,10.0.0.1,2928,80,ICMP,23,387,60,,0
2023-10-01 04:13:32,10.0.1.5,10.0.0.1,14049,80,UDP,9998,1667,7,,1
2023-10-01 11:51:28,192.168.0.59,10.0.0.1,59440,22,TCP,31,908,22,PSH,0
2023-10-01 17:08:53,10.0.1.38,10.0.0.1,12693,443,TCP,7641,1296,4,FIN,1
2023-10-01 04:57:58,10.0.1.30,10.0.0.1,23036,12345,TCP,6375,2997,5,ACK,1
2023-10-01 20:42:16,10.0.1.4,10.0.0.1,50853,443,TCP,8127,1939,7,ACK,1
2023-10-01 10:44:47,10.0.1.39,10.0.0.1,57057,80,UDP,3284,2183,9,,1
2023-10-01 14:59:21,10.0.1.34,10.0.0.1,55876,443,UDP,4046,2211,8,,1
2023-10-01 00:31:41,10.0.1.47,10.0.0.1,29482,443,UDP,4541,1507,6,,1
2023-10-01 21:32:44,192.168.0.243,10.0.0.1,28922,80,TCP,6,146,40,ACK,0
2023-10-01 17:26:58,192.168.0.208,10.0.0.5,46450,80,TCP,31,234,45,ACK,0
2023-10-01 07:56:14,192.168.0.34,10.0.0.2,11627,22,TCP,12,96,40,PSH,0
2023-10-01 20:46:00,192.168.0.192,10.0.0.4,27589,80,ICMP,60,347,55,,0
2023-10-01 13:29:11,10.0.1.41,10.0.0.1,26247,443,UDP,522,2762,2,,1
2023-10-01 12:07:14,192.168.0.136,10.0.0.1,52646,22,TCP,35,1493,49,ACK,0
2023-10-01 22:35:24,192.168.0.226,10.0.0.2,26121,80,TCP,87,809,13,ACK,0
2023-10-01 22:32:31,10.0.1.3,10.0.0.1,37773,443,UDP,9655,2443,2,,1
2023-10-01 07:27:12,192.168.0.36,10.0.0.2,50383,443,TCP,84,1043,57,ACK,0
2023-10-01 08:12:28,192.168.0.83,10.0.0.2,25456,22,TCP,55,631,13,ACK,0
2023-10-01 17:42:10,10.0.1.33,10.0.0.1,45477,12345,UDP,8203,2453,9,,1
2023-10-01 10:38:27,192.168.0.116,10.0.0.4,59475,22,UDP,89,198,22,,0
2023-10-01 03:10:43,192.168.0.21,10.0.0.3,8365,443,TCP,10,287,20,PSH,0
2023-10-01 18:04:14,192.168.0.39,10.0.0.1,23745,80,TCP,88,1172,18,PSH,0
2023-10-01 23:28:20,10.0.1.2,10.0.0.1,28004,443,TCP,861,2785,4,RST,1
2023-10-01 23:52:31,192.168.0.166,10.0.0.2,31039,3389,TCP,90,1149,45,PSH,0
2023-10-01 04:48:15,10.0.1.20,10.0.0.1,64641,80,UDP,4215,1991,6,,1
2023-10-01 01:43:22,10.0.1.10,10.0.0.1,12969,443,TCP,3225,2266,3,RST,1
2023-10-01 05:35:17,192.168.0.42,10.0.0.1,18090,80,TCP,41,1240,18,PSH,0
2023-10-01 07:28:10,10.0.1.36,10.0.0.1,30412,12345,TCP,5692,1704,3,RST,1
2023-10-01 05:55:11,192.168.0.137,10.0.0.2,10551,80,ICMP,52,1086,59,,0
2023-10-01 11:39:31,192.168.0.40,10.0.0.1,53425,22,TCP,38,1034,28,ACK,0
2023-10-01 16:05:47,192.168.0.87,10.0.0.5,37131,80,UDP,6,349,53,,0
2023-10-01 00:54:10,10.0.1.26,10.0.0.1,22412,12345,UDP,7806,1731,2,,1
2023-10-01 23:20:58,10.0.1.13,10.0.0.1,6502,12345,UDP,5053,1400,1,,1
2023-10-01 16:13:07,192.168.0.174,10.0.0.5,21848,80,ICMP,51,462,41,,0
2023-10-01 18:37:30,192.168.0.242,10.0.0.1,25457,22,TCP,92,939,33,PSH,0
2023-10-01 12:33:29,10.0.1.23,10.0.0.1,48724,443,ICMP,9691,1179,4,,1
2023-10-01 15:07:54,192.168.0.206,10.0.0.3,10170,22,TCP,94,932,56,PSH,0
2023-10-01 21:46:12,192.168.0.23,10.0.0.1,6820,443,TCP,68,750,14,PSH,0
2023-10-01 23:15:29,10.0.1.18,10.0.0.1,14082,443,TCP,8071,2454,10,ACK,1
2023-10-01 13:53:59,10.0.1.19,10.0.0.1,20941,12345,UDP,5447,2709,10,,1
2023-10-01 16:52:25,10.0.1.15,10.0.0.1,63678,80,UDP,3023,1537,5,,1
2023-10-01 23:10:35,192.168.0.121,10.0.0.1,2888,22,TCP,63,1472,51,ACK,0
2023-10-01 10:05:35,10.0.1.32,10.0.0.1,38089,80,UDP,6427,2190,8,,1
2023-10-01 09:23:24,10.0.1.41,10.0.0.1,49059,12345,UDP,2459,1764,9,,1
2023-10-01 09:26:58,192.168.0.42,10.0.0.4,11726,80,TCP,60,1483,18,PSH,0
2023-10-01 13:08:58,10.0.1.27,10.0.0.1,20138,12345,ICMP,6332,1099,5,,1
2023-10-01 02:47:49,192.168.0.132,10.0.0.1,22166,443,UDP,77,406,44,,0
2023-10-01 10:57:42,192.168.0.70,10.0.0.5,9999,22,TCP,75,784,19,ACK,0
2023-10-01 13:34:51,192.168.0.200,10.0.0.3,34013,3389,TCP,21,273,23,ACK,0
2023-10-01 06:51:36,10.0.1.36,10.0.0.1,47721,12345,UDP,9112,2732,9,,1
2023-10-01 04:08:57,192.168.0.107,10.0.0.3,21443,80,TCP,17,99,40,PSH,0
2023-10-01 05:03:40,192.168.0.210,10.0.0.3,15596,22,TCP,39,122,57,ACK,0
2023-10-01 05:10:59,10.0.1.45,10.0.0.1,28864,80,UDP,3938,1266,2,,1
2023-10-01 04:04:03,192.168.0.20,10.0.0.1,3173,3389,UDP,6,466,16,,0
2023-10-01 18:41:42,192.168.0.152,10.0.0.1,44774,3389,TCP,33,152,14,PSH,0
2023-10-01 03:30:48,10.0.1.8,10.0.0.1,6973,12345,TCP,3777,1378,6,SYN,1
2023-10-01 10:05:56,10.0.1.38,10.0.0.1,16872,443,UDP,8702,2599,10,,1
2023-10-01 02:29:17,192.168.0.26,10.0.0.4,60115,80,TCP,92,456,28,ACK,0
2023-10-01 00:09:27,192.168.0.250,10.0.0.5,46776,80,ICMP,65,1036,33,,0
2023-10-01 16:00:27,192.168.0.173,10.0.0.1,34725,443,UDP,49,932,23,,0
2023-10-01 04:06:30,10.0.1.49,10.0.0.1,50980,443,TCP,2307,2064,3,FIN,1
2023-10-01 10:29:44,10.0.1.36,10.0.0.1,19610,12345,TCP,5875,2011,2,FIN,1
2023-10-01 11:21:35,10.0.1.44,10.0.0.1,57173,443,TCP,7172,1595,7,ACK,1
2023-10-01 17:19:07,10.0.1.44,10.0.0.1,29732,443,TCP,8555,2376,2,FIN,1
2023-10-01 03:05:41,192.168.0.31,10.0.0.1,5264,3389,TCP,76,272,57,ACK,0
2023-10-01 07:14:54,10.0.1.22,10.0.0.1,55950,80,UDP,7123,1251,4,,1
2023-10-01 18:10:19,10.0.1.18,10.0.0.1,24361,12345,UDP,4972,2548,7,,1
2023-10-01 21:57:38,10.0.1.26,10.0.0.1,8104,443,UDP,2914,2572,8,,1
2023-10-01 17:48:58,10.0.1.32,10.0.0.1,49376,80,UDP,2705,1060,2,,1
2023-10-01 02:29:02,10.0.1.32,10.0.0.1,11033,12345,TCP,3434,1783,10,RST,1
2023-10-01 22:41:28,10.0.1.7,10.0.0.1,52976,80,UDP,9018,2571,8,,1
2023-10-01 10:41:17,10.0.1.43,10.0.0.1,54074,443,UDP,4787,2110,6,,1
2023-10-01 19:54:06,192.168.0.5,10.0.0.1,21638,3389,UDP,16,849,38,,0
2023-10-01 16:06:46,192.168.0.118,10.0.0.1,33233,80,TCP,85,684,55,ACK,0
2023-10-01 11:22:34,10.0.1.46,10.0.0.1,44282,443,UDP,2292,2165,8,,1
2023-10-01 19:38:19,192.168.0.147,10.0.0.3,18285,3389,TCP,21,1101,13,PSH,0
2023-10-01 13:45:18,10.0.1.40,10.0.0.1,2868,12345,UDP,5160,1656,1,,1
2023-10-01 04:40:03,192.168.0.215,10.0.0.2,59439,22,UDP,75,119,58,,0
2023-10-01 13:51:22,192.168.0.25,10.0.0.3,44359,22,ICMP,53,783,13,,0
2023-10-01 08:32:32,10.0.1.42,10.0.0.1,8525,443,UDP,1573,2779,5,,1
2023-10-01 00:43:03,10.0.1.35,10.0.0.1,18497,443,TCP,7421,2163,9,FIN,1
2023-10-01 17:06:04,10.0.1.38,10.0.0.1,22154,80,ICMP,6688,2168,7,,1
2023-10-01 17:46:50,192.168.0.26,10.0.0.5,41317,443,TCP,65,1430,31,ACK,0
2023-10-01 15:52:26,10.0.1.13,10.0.0.1,15053,443,UDP,1734,2721,9,,1
2023-10-01 01:43:50,10.0.1.20,10.0.0.1,48059,12345,UDP,4200,2279,2,,1
2023-10-01 03:26:56,192.168.0.152,10.0.0.2,23785,22,TCP,68,1037,37,ACK,0
2023-10-01 23:43:18,192.168.0.211,10.0.0.2,27389,22,TCP,70,705,22,PSH,0
2023-10-01 18:45:50,10.0.1.30,10.0.0.1,42170,12345,UDP,3458,2804,1,,1
2023-10-01 06:47:30,192.168.0.148,10.0.0.3,62276,443,TCP,96,1021,27,PSH,0
2023-10-01 22:49:10,192.168.0.16,10.0.0.4,56344,443,TCP,19,556,19,PSH,0
2023-10-01 11:36:06,10.0.1.5,10.0.0.1,17830,12345,TCP,7257,1546,5,ACK,1
2023-10-01 08:35:50,192.168.0.104,10.0.0.1,32834,80,TCP,4,566,29,PSH,0
2023-10-01 15:52:44,192.168.0.109,10.0.0.5,52775,80,TCP,35,343,11,PSH,0
2023-10-01 23:58:53,192.168.0.141,10.0.0.1,57357,80,ICMP,63,104,13,,0
2023-10-01 11:25:44,192.168.0.155,10.0.0.2,44109,80,ICMP,53,808,52,,0
2023-10-01 14:27:01,192.168.0.242,10.0.0.5,33559,443,TCP,74,1088,17,PSH,0
2023-10-01 08:40:05,192.168.0.154,10.0.0.1,62332,22,TCP,75,862,57,ACK,0
2023-10-01 05:15:10,10.0.1.7,10.0.0.1,57575,80,TCP,4998,1900,7,RST,1
2023-10-01 17:51:12,192.168.0.137,10.0.0.2,64155,80,TCP,55,1036,53,ACK,0
2023-10-01 05:16:33,10.0.1.24,10.0.0.1,3305,443,UDP,5549,1043,10,,1
2023-10-01 01:59:26,192.168.0.177,10.0.0.5,60213,443,TCP,50,697,50,PSH,0
2023-10-01 04:26:37,192.168.0.137,10.0.0.1,62386,3389,TCP,51,587,29,ACK,0
2023-10-01 08:34:22,192.168.0.77,10.0.0.1,43257,443,ICMP,81,713,59,,0
2023-10-01 01:14:00,10.0.1.18,10.0.0.1,61742,80,UDP,8555,1964,7,,1
2023-10-01 15:22:40,192.168.0.225,10.0.0.1,40484,443,TCP,65,199,32,PSH,0
2023-10-01 19:56:31,192.168.0.189,10.0.0.2,42321,3389,TCP,98,170,51,ACK,0
2023-10-01 23:20:30,10.0.1.9,10.0.0.1,6413,80,UDP,5506,1642,10,,1
2023-10-01 09:05:16,10.0.1.34,10.0.0.1,45965,12345,ICMP,2631,2734,10,,1
2023-10-01 11:37:44,10.0.1.29,10.0.0.1,46077,443,UDP,2687,1533,3,,1
2023-10-01 11:55:36,192.168.0.205,10.0.0.2,62939,443,TCP,48,436,35,PSH,0
2023-10-01 20:46:02,192.168.0.58,10.0.0.1,16012,80,ICMP,83,1317,50,,0
2023-10-01 16:50:10,192.168.0.51,10.0.0.2,10805,443,TCP,80,942,48,PSH,0
2023-10-01 13:23:44,10.0.1.11,10.0.0.1,8790,12345,TCP,9115,1891,8,FIN,1
2023-10-01 07:23:46,10.0.1.13,10.0.0.1,57144,443,TCP,8596,1782,3,FIN,1
2023-10-01 07:50:54,10.0.1.19,10.0.0.1,52958,12345,UDP,7353,1369,7,,1
2023-10-01 10:33:56,10.0.1.17,10.0.0.1,45868,80,UDP,4568,1757,10,,1
2023-10-01 03:07:17,192.168.0.3,10.0.0.3,14931,443,UDP,89,878,53,,0
2023-10-01 15:24:41,192.168.0.189,10.0.0.4,62042,22,TCP,72,184,13,PSH,0
2023-10-01 12:53:59,10.0.1.39,10.0.0.1,34089,12345,ICMP,1245,1010,5,,1
2023-10-01 11:00:50,192.168.0.251,10.0.0.3,18082,22,TCP,72,148,47,ACK,0
2023-10-01 17:56:37,10.0.1.22,10.0.0.1,10316,443,TCP,5698,2454,9,FIN,1
2023-10-01 11:24:20,10.0.1.3,10.0.0.1,61725,80,UDP,5103,2531,6,,1
2023-10-01 09:35:00,10.0.1.40,10.0.0.1,21703,443,UDP,7639,2828,3,,1
2023-10-01 17:53:12,192.168.0.196,10.0.0.1,3374,3389,TCP,20,175,24,ACK,0
2023-10-01 05:57:17,10.0.1.46,10.0.0.1,24388,443,UDP,8608,1083,8,,1
2023-10-01 20:25:12,192.168.0.125,10.0.0.3,7156,3389,TCP,93,367,17,PSH,0
2023-10-01 10:20:39,10.0.1.12,10.0.0.1,14943,80,UDP,4969,2153,10,,1
2023-10-01 00:09:00,192.168.0.135,10.0.0.4,45385,443,TCP,10,568,59,PSH,0
2023-10-01 11:57:57,10.0.1.2,10.0.0.1,39712,443,UDP,2498,1807,6,,1
2023-10-01 03:51:42,192.168.0.215,10.0.0.2,42203,443,TCP,59,1414,40,PSH,0
2023-10-01 21:38:03,192.168.0.169,10.0.0.1,22317,22,ICMP,84,1338,38,,0
2023-10-01 20:43:20,192.168.0.34,10.0.0.1,49769,80,UDP,37,725,13,,0
2023-10-01 21:55:43,10.0.1.25,10.0.0.1,6869,80,UDP,3416,1491,7,,1
2023-10-01 07:34:52,10.0.1.11,10.0.0.1,8927,443,UDP,5168,2325,3,,1
2023-10-01 15:44:30,10.0.1.48,10.0.0.1,55553,443,ICMP,2651,1735,2,,1
2023-10-01 07:16:37,10.0.1.32,10.0.0.1,40367,443,UDP,8305,1549,10,,1
2023-10-01 15:23:02,10.0.1.24,10.0.0.1,64808,12345,TCP,7479,1190,1,RST,1
2023-10-01 08:09:50,10.0.1.42,10.0.0.1,6527,12345,UDP,8615,2079,9,,1
2023-10-01 15:55:25,10.0.1.6,10.0.0.1,56175,443,UDP,2593,2401,5,,1
2023-10-01 15:34:23,10.0.1.19,10.0.0.1,34490,12345,TCP,1753,2878,1,SYN,1
2023-10-01 03:26:24,10.0.1.30,10.0.0.1,39399,12345,UDP,4651,1727,5,,1
2023-10-01 18:19:47,10.0.1.2,10.0.0.1,56264,80,UDP,8083,1367,3,,1
2023-10-01 03:01:57,10.0.1.27,10.0.0.1,23393,12345,TCP,7954,2551,8,RST,1
2023-10-01 06:48:55,192.168.0.55,10.0.0.1,7992,80,UDP,78,595,53,,0
2023-10-01 00:39:08,10.0.1.1,10.0.0.1,46362,443,TCP,3313,2343,8,FIN,1
2023-10-01 23:56:48,10.0.1.48,10.0.0.1,24664,12345,UDP,5461,2266,10,,1
2023-10-01 14:22:53,192.168.0.206,10.0.0.2,46639,80,TCP,2,454,17,ACK,0
2023-10-01 00:58:34,192.168.0.54,10.0.0.3,6666,443,TCP,56,1346,60,ACK,0
2023-10-01 16:52:22,10.0.1.10,10.0.0.1,49440,443,UDP,2408,1340,3,,1
2023-10-01 17:39:36,192.168.0.121,10.0.0.1,4361,3389,TCP,26,667,46,PSH,0
2023-10-01 03:44:16,10.0.1.41,10.0.0.1,49329,12345,UDP,7310,2737,8,,1
2023-10-01 20:10:53,192.168.0.75,10.0.0.1,16222,3389,TCP,66,1274,56,PSH,0
2023-10-01 19:14:06,192.168.0.5,10.0.0.3,8687,22,TCP,35,1391,36,PSH,0
2023-10-01 23:31:36,10.0.1.23,10.0.0.1,48616,443,UDP,840,1330,5,,1
2023-10-01 12:31:08,10.0.1.29,10.0.0.1,56955,80,UDP,6056,2887,10,,1
2023-10-01 23:55:08,192.168.0.120,10.0.0.1,43786,22,UDP,50,917,53,,0
2023-10-01 17:11:48,192.168.0.205,10.0.0.1,9484,443,TCP,96,240,52,PSH,0
2023-10-01 05:41:28,10.0.1.39,10.0.0.1,16406,443,TCP,7315,2931,8,RST,1
2023-10-01 01:42:46,10.0.1.2,10.0.0.1,12474,443,UDP,6349,2386,3,,1
2023-10-01 18:19:51,192.168.0.9,10.0.0.1,32898,22,TCP,80,528,17,ACK,0
2023-10-01 12:23:26,10.0.1.23,10.0.0.1,56952,80,UDP,9626,1547,3,,1
2023-10-01 18:45:52,192.168.0.155,10.0.0.5,8293,80,UDP,57,1000,58,,0
2023-10-01 22:13:48,192.168.0.157,10.0.0.1,60726,80,TCP,22,1354,17,ACK,0
2023-10-01 10:38:09,10.0.1.46,10.0.0.1,11135,443,UDP,8665,2500,2,,1
2023-10-01 12:10:57,192.168.0.210,10.0.0.1,51423,80,UDP,57,915,59,,0
2023-10-01 17:14:44,10.0.1.22,10.0.0.1,47895,443,UDP,1896,1544,6,,1
2023-10-01 13:07:50,192.168.0.162,10.0.0.5,10067,443,TCP,97,1148,36,ACK,0
2023-10-01 15:03:06,192.168.0.236,10.0.0.3,62872,3389,ICMP,67,1461,33,,0
2023-10-01 05:18:02,10.0.1.50,10.0.0.1,6580,80,UDP,8976,2932,2,,1
2023-10-01 14:37:25,10.0.1.50,10.0.0.1,44289,80,UDP,6943,2554,1,,1
2023-10-01 05:29:45,192.168.0.232,10.0.0.4,64768,80,ICMP,92,1416,43,,0
2023-10-01 14:38:11,10.0.1.44,10.0.0.1,60611,12345,UDP,5486,2477,6,,1
2023-10-01 10:11:11,10.0.1.34,10.0.0.1,59192,12345,ICMP,7118,1913,4,,1
2023-10-01 22:30:27,192.168.0.167,10.0.0.3,13953,22,UDP,84,892,59,,0
2023-10-01 03:04:06,192.168.0.10,10.0.0.4,15031,22,TCP,93,322,43,PSH,0
2023-10-01 20:05:23,10.0.1.20,10.0.0.1,59371,12345,UDP,3121,1047,1,,1
2023-10-01 21:34:20,192.168.0.67,10.0.0.1,4952,22,UDP,65,290,56,,0
2023-10-01 09:27:26,192.168.0.161,10.0.0.4,20551,22,TCP,97,1397,17,PSH,0
2023-10-01 00:11:23,192.168.0.117,10.0.0.2,59635,443,UDP,75,1222,55,,0
2023-10-01 19:24:59,192.168.0.217,10.0.0.4,47839,443,TCP,37,1429,60,ACK,0
2023-10-01 09:00:57,10.0.1.7,10.0.0.1,30797,443,UDP,3654,2685,6,,1
2023-10-01 15:29:56,10.0.1.27,10.0.0.1,15100,80,TCP,7461,2819,3,FIN,1
2023-10-01 13:26:44,10.0.1.44,10.0.0.1,58172,12345,UDP,9658,2062,7,,1
2023-10-01 18:09:42,10.0.1.41,10.0.0.1,55013,443,ICMP,8520,2498,7,,1
2023-10-01 18:24:54,10.0.1.9,10.0.0.1,57599,443,UDP,2619,2982,9,,1
2023-10-01 07:44:31,192.168.0.117,10.0.0.3,40450,80,UDP,72,820,17,,0
2023-10-01 04:01:01,192.168.0.31,10.0.0.2,25564,22,TCP,20,305,33,PSH,0
2023-10-01 17:41:31,10.0.1.2,10.0.0.1,15152,80,TCP,7410,1099,5,RST,1
2023-10-01 17:47:47,10.0.1.1,10.0.0.1,28390,80,UDP,1606,2782,1,,1
2023-10-01 11:16:33,10.0.1.37,10.0.0.1,9727,443,ICMP,6681,1973,10,,1
2023-10-01 18:22:40,192.168.0.163,10.0.0.3,26401,3389,TCP,20,730,15,PSH,0
2023-10-01 14:23:45,10.0.1.22,10.0.0.1,57775,12345,TCP,7759,2507,5,SYN,1
2023-10-01 00:54:11,10.0.1.37,10.0.0.1,43223,12345,UDP,5560,2149,2,,1
2023-10-01 07:00:21,192.168.0.245,10.0.0.4,32208,80,ICMP,67,451,58,,0
2023-10-01 00:40:46,192.168.0.31,10.0.0.5,55398,443,ICMP,36,485,25,,0
2023-10-01 21:06:03,192.168.0.114,10.0.0.1,29664,22,TCP,6,1070,11,PSH,0
2023-10-01 00:52:33,10.0.1.34,10.0.0.1,36530,443,UDP,1991,1234,2,,1
2023-10-01 05:14:38,10.0.1.12,10.0.0.1,45497,443,UDP,3026,1628,7,,1
2023-10-01 22:22:20,10.0.1.21,10.0.0.1,21998,80,TCP,1458,1610,7,SYN,1
2023-10-01 11:48:15,10.0.1.17,10.0.0.1,16727,443,ICMP,2481,1106,4,,1
2023-10-01 21:20:12,192.168.0.61,10.0.0.3,31486,3389,ICMP,35,188,30,,0
2023-10-01 02:22:59,192.168.0.124,10.0.0.1,17166,3389,TCP,3,615,45,ACK,0
2023-10-01 23:43:20,192.168.0.202,10.0.0.1,52330,22,TCP,58,235,50,ACK,0
2023-10-01 13:35:29,192.168.0.139,10.0.0.1,1089,443,TCP,55,1200,38,ACK,0
2023-10-01 22:36:00,192.168.0.75,10.0.0.5,56040,443,TCP,62,623,48,PSH,0
2023-10-01 12:47:41,192.168.0.216,10.0.0.5,49467,443,TCP,66,640,12,ACK,0
2023-10-01 02:32:46,192.168.0.77,10.0.0.1,14842,3389,TCP,18,1203,27,PSH,0
2023-10-01 11:35:20,192.168.0.227,10.0.0.5,44426,22,TCP,97,991,27,ACK,0
2023-10-01 12:26:18,192.168.0.54,10.0.0.3,40921,22,TCP,89,337,51,ACK,0
2023-10-01 00:20:55,10.0.1.44,10.0.0.1,36290,80,UDP,8511,2561,7,,1
2023-10-01 23:37:58,10.0.1.42,10.0.0.1,24157,80,UDP,7793,2376,2,,1
2023-10-01 13:42:12,192.168.0.212,10.0.0.4,31347,22,TCP,99,1491,10,ACK,0
2023-10-01 07:01:35,10.0.1.29,10.0.0.1,13574,80,TCP,824,2553,5,RST,1
2023-10-01 22:20:05,10.0.1.41,10.0.0.1,64416,443,UDP,4123,1479,8,,1
2023-10-01 10:13:19,10.0.1.32,10.0.0.1,65528,12345,UDP,3925,1014,4,,1
2023-10-01 14:25:15,192.168.0.29,10.0.0.2,5307,3389,TCP,25,1415,57,ACK,0
2023-10-01 02:22:06,192.168.0.33,10.0.0.2,56576,443,UDP,94,625,22,,0
2023-10-01 19:24:13,192.168.0.158,10.0.0.2,56982,3389,TCP,55,1376,53,ACK,0
2023-10-01 15:44:54,192.168.0.217,10.0.0.3,34922,22,TCP,67,1019,41,PSH,0
2023-10-01 08:10:31,192.168.0.13,10.0.0.2,22959,3389,TCP,41,74,35,ACK,0
2023-10-01 20:49:09,10.0.1.2,10.0.0.1,13926,12345,TCP,7443,2961,2,ACK,1
2023-10-01 11:18:57,10.0.1.5,10.0.0.1,53980,12345,UDP,956,1982,7,,1
2023-10-01 22:48:10,10.0.1.22,10.0.0.1,54870,443,TCP,8259,1488,6,SYN,1
2023-10-01 08:37:10,10.0.1.5,10.0.0.1,38965,12345,UDP,2067,2280,8,,1
2023-10-01 02:12:34,10.0.1.3,10.0.0.1,5087,443,UDP,1565,2602,3,,1
2023-10-01 16:05:23,192.168.0.15,10.0.0.2,20351,3389,TCP,87,178,45,ACK,0
2023-10-01 14:37:29,192.168.0.25,10.0.0.4,30738,3389,TCP,77,1415,49,ACK,0
2023-10-01 15:35:12,10.0.1.40,10.0.0.1,39546,12345,TCP,925,1929,9,RST,1
2023-10-01 03:44:19,10.0.1.1,10.0.0.1,9280,12345,UDP,3672,2852,10,,1
2023-10-01 09:19:51,192.168.0.91,10.0.0.3,10046,3389,UDP,57,444,25,,0
2023-10-01 02:12:08,192.168.0.33,10.0.0.2,10684,3389,TCP,84,796,29,ACK,0
2023-10-01 21:57:59,10.0.1.22,10.0.0.1,44125,443,UDP,632,2060,10,,1
2023-10-01 02:05:12,192.168.0.61,10.0.0.4,52487,80,TCP,26,474,50,ACK,0
2023-10-01 06:53:39,10.0.1.43,10.0.0.1,56861,443,UDP,8157,2228,6,,1
2023-10-01 12:13:15,192.168.0.158,10.0.0.2,33525,3389,TCP,14,994,60,ACK,0
2023-10-01 00:08:04,10.0.1.41,10.0.0.1,16688,80,UDP,8143,2277,4,,1
2023-10-01 12:04:12,10.0.1.48,10.0.0.1,1672,443,TCP,3518,2691,1,RST,1
2023-10-01 01:05:34,10.0.1.36,10.0.0.1,3901,80,TCP,7715,1398,10,RST,1
2023-10-01 07:14:59,192.168.0.51,10.0.0.2,12724,443,TCP,34,420,31,ACK,0
2023-10-01 06:24:38,10.0.1.17,10.0.0.1,62373,80,TCP,2748,1776,2,RST,1
2023-10-01 16:36:35,10.0.1.16,10.0.0.1,65059,443,UDP,3307,2927,9,,1
2023-10-01 22:41:24,192.168.0.226,10.0.0.3,46529,80,TCP,17,452,22,PSH,0
2023-10-01 21:49:44,10.0.1.28,10.0.0.1,57020,12345,TCP,1256,2562,10,ACK,1
2023-10-01 05:24:32,192.168.0.84,10.0.0.1,14736,80,TCP,36,322,42,PSH,0
2023-10-01 17:08:11,192.168.0.203,10.0.0.5,33699,80,TCP,50,1385,58,PSH,0
2023-10-01 06:31:01,192.168.0.83,10.0.0.5,39112,22,TCP,62,1077,40,PSH,0
2023-10-01 21:15:43,10.0.1.42,10.0.0.1,15349,80,TCP,3825,1925,4,FIN,1
2023-10-01 13:43:45,10.0.1.37,10.0.0.1,6578,80,ICMP,6629,1521,9,,1
2023-10-01 03:03:33,10.0.1.19,10.0.0.1,31514,443,UDP,4271,2195,1,,1
2023-10-01 12:14:49,192.168.0.110,10.0.0.3,26083,3389,TCP,48,1082,30,PSH,0
2023-10-01 16:04:52,10.0.1.15,10.0.0.1,20325,443,UDP,6383,2846,2,,1
2023-10-01 18:40:12,192.168.0.140,10.0.0.5,5699,80,UDP,30,265,17,,0
2023-10-01 19:52:48,10.0.1.13,10.0.0.1,13517,443,TCP,5894,1512,5,RST,1
